t_idx,yaw,orientation,wind_dir,time
0,0,0.0,225.0,225.0,0.0
1,1,0.0,225.0,225.0,0.0
2,2,0.0,225.0,225.0,0.0
3,3,0.0,225.0,225.0,0.0
4,4,0.0,225.0,225.0,0.0
5,5,0.0,225.0,225.0,0.0
6,6,0.0,225.0,225.0,0.0
7,7,0.0,225.0,225.0,0.0
8,8,0.0,225.0,225.0,0.0
9,0,0.0,225.0,225.0,4.0
10,1,0.0,225.0,225.0,4.0
11,2,0.0,225.0,225.0,4.0
12,3,0.0,225.0,225.0,4.0
13,4,0.0,225.0,225.0,4.0
14,5,0.0,225.0,225.0,4.0
15,6,0.0,225.0,225.0,4.0
16,7,0.0,225.0,225.0,4.0
17,8,0.0,225.0,225.0,4.0
18,0,0.0,225.0,225.0,8.0
19,1,0.0,225.0,225.0,8.0
20,2,0.0,225.0,225.0,8.0
21,3,0.0,225.0,225.0,8.0
22,4,0.0,225.0,225.0,8.0
23,5,0.0,225.0,225.0,8.0
24,6,0.0,225.0,225.0,8.0
25,7,0.0,225.0,225.0,8.0
26,8,0.0,225.0,225.0,8.0
27,0,0.0,225.0,225.0,12.0
28,1,0.0,225.0,225.0,12.0
29,2,0.0,225.0,225.0,12.0
30,3,0.0,225.0,225.0,12.0
31,4,0.0,225.0,225.0,12.0
32,5,0.0,225.0,225.0,12.0
33,6,0.0,225.0,225.0,12.0
34,7,0.0,225.0,225.0,12.0
35,8,0.0,225.0,225.0,12.0
36,0,0.0,225.0,225.0,16.0
37,1,0.0,225.0,225.0,16.0
38,2,0.0,225.0,225.0,16.0
39,3,0.0,225.0,225.0,16.0
40,4,0.0,225.0,225.0,16.0
41,5,0.0,225.0,225.0,16.0
42,6,0.0,225.0,225.0,16.0
43,7,0.0,225.0,225.0,16.0
44,8,0.0,225.0,225.0,16.0
45,0,0.0,225.0,225.0,20.0
46,1,0.0,225.0,225.0,20.0
47,2,0.0,225.0,225.0,20.0
48,3,0.0,225.0,225.0,20.0
49,4,0.0,225.0,225.0,20.0
50,5,0.0,225.0,225.0,20.0
51,6,0.0,225.0,225.0,20.0
52,7,0.0,225.0,225.0,20.0
53,8,0.0,225.0,225.0,20.0
54,0,0.0,225.0,225.0,24.0
55,1,0.0,225.0,225.0,24.0
56,2,0.0,225.0,225.0,24.0
57,3,0.0,225.0,225.0,24.0
58,4,0.0,225.0,225.0,24.0
59,5,0.0,225.0,225.0,24.0
60,6,0.0,225.0,225.0,24.0
61,7,0.0,225.0,225.0,24.0
62,8,0.0,225.0,225.0,24.0
63,0,0.0,225.0,225.0,28.0
64,1,0.0,225.0,225.0,28.0
65,2,0.0,225.0,225.0,28.0
66,3,0.0,225.0,225.0,28.0
67,4,0.0,225.0,225.0,28.0
68,5,0.0,225.0,225.0,28.0
69,6,0.0,225.0,225.0,28.0
70,7,0.0,225.0,225.0,28.0
71,8,0.0,225.0,225.0,28.0
72,0,0.0,225.0,225.0,32.0
73,1,0.0,225.0,225.0,32.0
74,2,0.0,225.0,225.0,32.0
75,3,0.0,225.0,225.0,32.0
76,4,0.0,225.0,225.0,32.0
77,5,0.0,225.0,225.0,32.0
78,6,0.0,225.0,225.0,32.0
79,7,0.0,225.0,225.0,32.0
80,8,0.0,225.0,225.0,32.0
81,0,0.0,225.0,225.0,36.0
82,1,0.0,225.0,225.0,36.0
83,2,0.0,225.0,225.0,36.0
84,3,0.0,225.0,225.0,36.0
85,4,0.0,225.0,225.0,36.0
86,5,0.0,225.0,225.0,36.0
87,6,0.0,225.0,225.0,36.0
88,7,0.0,225.0,225.0,36.0
89,8,0.0,225.0,225.0,36.0
90,0,0.0,225.0,225.0,40.0
91,1,0.0,225.0,225.0,40.0
92,2,0.0,225.0,225.0,40.0
93,3,0.0,225.0,225.0,40.0
94,4,0.0,225.0,225.0,40.0
95,5,0.0,225.0,225.0,40.0
96,6,0.0,225.0,225.0,40.0
97,7,0.0,225.0,225.0,40.0
98,8,0.0,225.0,225.0,40.0
99,0,0.0,225.0,225.0,44.0
100,1,0.0,225.0,225.0,44.0
101,2,0.0,225.0,225.0,44.0
102,3,0.0,225.0,225.0,44.0
103,4,0.0,225.0,225.0,44.0
104,5,0.0,225.0,225.0,44.0
105,6,0.0,225.0,225.0,44.0
106,7,0.0,225.0,225.0,44.0
107,8,0.0,225.0,225.0,44.0
108,0,0.0,225.0,225.0,48.0
109,1,0.0,225.0,225.0,48.0
110,2,0.0,225.0,225.0,48.0
111,3,0.0,225.0,225.0,48.0
112,4,0.0,225.0,225.0,48.0
113,5,0.0,225.0,225.0,48.0
114,6,0.0,225.0,225.0,48.0
115,7,0.0,225.0,225.0,48.0
116,8,0.0,225.0,225.0,48.0
117,0,0.0,225.0,225.0,52.0
118,1,0.0,225.0,225.0,52.0
119,2,0.0,225.0,225.0,52.0
120,3,0.0,225.0,225.0,52.0
121,4,0.0,225.0,225.0,52.0
122,5,0.0,225.0,225.0,52.0
123,6,0.0,225.0,225.0,52.0
124,7,0.0,225.0,225.0,52.0
125,8,0.0,225.0,225.0,52.0
126,0,0.0,225.0,225.0,56.0
127,1,0.0,225.0,225.0,56.0
128,2,0.0,225.0,225.0,56.0
129,3,0.0,225.0,225.0,56.0
130,4,0.0,225.0,225.0,56.0
131,5,0.0,225.0,225.0,56.0
132,6,0.0,225.0,225.0,56.0
133,7,0.0,225.0,225.0,56.0
134,8,0.0,225.0,225.0,56.0
135,0,0.0,225.0,225.0,60.0
136,1,0.0,225.0,225.0,60.0
137,2,0.0,225.0,225.0,60.0
138,3,0.0,225.0,225.0,60.0
139,4,0.0,225.0,225.0,60.0
140,5,0.0,225.0,225.0,60.0
141,6,0.0,225.0,225.0,60.0
142,7,0.0,225.0,225.0,60.0
143,8,0.0,225.0,225.0,60.0
144,0,0.0,225.0,225.0,64.0
145,1,0.0,225.0,225.0,64.0
146,2,0.0,225.0,225.0,64.0
147,3,0.0,225.0,225.0,64.0
148,4,0.0,225.0,225.0,64.0
149,5,0.0,225.0,225.0,64.0
150,6,0.0,225.0,225.0,64.0
151,7,0.0,225.0,225.0,64.0
152,8,0.0,225.0,225.0,64.0
153,0,0.0,225.0,225.0,68.0
154,1,0.0,225.0,225.0,68.0
155,2,0.0,225.0,225.0,68.0
156,3,0.0,225.0,225.0,68.0
157,4,0.0,225.0,225.0,68.0
158,5,0.0,225.0,225.0,68.0
159,6,0.0,225.0,225.0,68.0
160,7,0.0,225.0,225.0,68.0
161,8,0.0,225.0,225.0,68.0
162,0,0.0,225.0,225.0,72.0
163,1,0.0,225.0,225.0,72.0
164,2,0.0,225.0,225.0,72.0
165,3,0.0,225.0,225.0,72.0
166,4,0.0,225.0,225.0,72.0
167,5,0.0,225.0,225.0,72.0
168,6,0.0,225.0,225.0,72.0
169,7,0.0,225.0,225.0,72.0
170,8,0.0,225.0,225.0,72.0
171,0,0.0,225.0,225.0,76.0
172,1,0.0,225.0,225.0,76.0
173,2,0.0,225.0,225.0,76.0
174,3,0.0,225.0,225.0,76.0
175,4,0.0,225.0,225.0,76.0
176,5,0.0,225.0,225.0,76.0
177,6,0.0,225.0,225.0,76.0
178,7,0.0,225.0,225.0,76.0
179,8,0.0,225.0,225.0,76.0
180,0,0.0,225.0,225.0,80.0
181,1,0.0,225.0,225.0,80.0
182,2,0.0,225.0,225.0,80.0
183,3,0.0,225.0,225.0,80.0
184,4,0.0,225.0,225.0,80.0
185,5,0.0,225.0,225.0,80.0
186,6,0.0,225.0,225.0,80.0
187,7,0.0,225.0,225.0,80.0
188,8,0.0,225.0,225.0,80.0
189,0,0.0,225.0,225.0,84.0
190,1,0.0,225.0,225.0,84.0
191,2,0.0,225.0,225.0,84.0
192,3,0.0,225.0,225.0,84.0
193,4,0.0,225.0,225.0,84.0
194,5,0.0,225.0,225.0,84.0
195,6,0.0,225.0,225.0,84.0
196,7,0.0,225.0,225.0,84.0
197,8,0.0,225.0,225.0,84.0
198,0,0.0,225.0,225.0,88.0
199,1,0.0,225.0,225.0,88.0
200,2,0.0,225.0,225.0,88.0
201,3,0.0,225.0,225.0,88.0
202,4,0.0,225.0,225.0,88.0
203,5,0.0,225.0,225.0,88.0
204,6,0.0,225.0,225.0,88.0
205,7,0.0,225.0,225.0,88.0
206,8,0.0,225.0,225.0,88.0
207,0,0.0,225.0,225.0,92.0
208,1,0.0,225.0,225.0,92.0
209,2,0.0,225.0,225.0,92.0
210,3,0.0,225.0,225.0,92.0
211,4,0.0,225.0,225.0,92.0
212,5,0.0,225.0,225.0,92.0
213,6,0.0,225.0,225.0,92.0
214,7,0.0,225.0,225.0,92.0
215,8,0.0,225.0,225.0,92.0
216,0,0.0,225.0,225.0,96.0
217,1,0.0,225.0,225.0,96.0
218,2,0.0,225.0,225.0,96.0
219,3,0.0,225.0,225.0,96.0
220,4,0.0,225.0,225.0,96.0
221,5,0.0,225.0,225.0,96.0
222,6,0.0,225.0,225.0,96.0
223,7,0.0,225.0,225.0,96.0
224,8,0.0,225.0,225.0,96.0
225,0,0.0,225.0,225.0,100.0
226,1,0.0,225.0,225.0,100.0
227,2,0.0,225.0,225.0,100.0
228,3,0.0,225.0,225.0,100.0
229,4,0.0,225.0,225.0,100.0
230,5,0.0,225.0,225.0,100.0
231,6,0.0,225.0,225.0,100.0
232,7,0.0,225.0,225.0,100.0
233,8,0.0,225.0,225.0,100.0
234,0,0.0,225.0,225.0,104.0
235,1,0.0,225.0,225.0,104.0
236,2,0.0,225.0,225.0,104.0
237,3,0.0,225.0,225.0,104.0
238,4,0.0,225.0,225.0,104.0
239,5,0.0,225.0,225.0,104.0
240,6,0.0,225.0,225.0,104.0
241,7,0.0,225.0,225.0,104.0
242,8,0.0,225.0,225.0,104.0
243,0,0.0,225.0,225.0,108.0
244,1,0.0,225.0,225.0,108.0
245,2,0.0,225.0,225.0,108.0
246,3,0.0,225.0,225.0,108.0
247,4,0.0,225.0,225.0,108.0
248,5,0.0,225.0,225.0,108.0
249,6,0.0,225.0,225.0,108.0
250,7,0.0,225.0,225.0,108.0
251,8,0.0,225.0,225.0,108.0
252,0,0.0,225.0,225.0,112.0
253,1,0.0,225.0,225.0,112.0
254,2,0.0,225.0,225.0,112.0
255,3,0.0,225.0,225.0,112.0
256,4,0.0,225.0,225.0,112.0
257,5,0.0,225.0,225.0,112.0
258,6,0.0,225.0,225.0,112.0
259,7,0.0,225.0,225.0,112.0
260,8,0.0,225.0,225.0,112.0
261,0,0.0,225.0,225.0,116.0
262,1,0.0,225.0,225.0,116.0
263,2,0.0,225.0,225.0,116.0
264,3,0.0,225.0,225.0,116.0
265,4,0.0,225.0,225.0,116.0
266,5,0.0,225.0,225.0,116.0
267,6,0.0,225.0,225.0,116.0
268,7,0.0,225.0,225.0,116.0
269,8,0.0,225.0,225.0,116.0
270,0,0.0,225.0,225.0,120.0
271,1,0.0,225.0,225.0,120.0
272,2,0.0,225.0,225.0,120.0
273,3,0.0,225.0,225.0,120.0
274,4,0.0,225.0,225.0,120.0
275,5,0.0,225.0,225.0,120.0
276,6,0.0,225.0,225.0,120.0
277,7,0.0,225.0,225.0,120.0
278,8,0.0,225.0,225.0,120.0
279,0,0.0,225.0,225.0,124.0
280,1,0.0,225.0,225.0,124.0
281,2,0.0,225.0,225.0,124.0
282,3,0.0,225.0,225.0,124.0
283,4,0.0,225.0,225.0,124.0
284,5,0.0,225.0,225.0,124.0
285,6,0.0,225.0,225.0,124.0
286,7,0.0,225.0,225.0,124.0
287,8,0.0,225.0,225.0,124.0
288,0,0.0,225.0,225.0,128.0
289,1,0.0,225.0,225.0,128.0
290,2,0.0,225.0,225.0,128.0
291,3,0.0,225.0,225.0,128.0
292,4,0.0,225.0,225.0,128.0
293,5,0.0,225.0,225.0,128.0
294,6,0.0,225.0,225.0,128.0
295,7,0.0,225.0,225.0,128.0
296,8,0.0,225.0,225.0,128.0
297,0,0.0,225.0,225.0,132.0
298,1,0.0,225.0,225.0,132.0
299,2,0.0,225.0,225.0,132.0
300,3,0.0,225.0,225.0,132.0
301,4,0.0,225.0,225.0,132.0
302,5,0.0,225.0,225.0,132.0
303,6,0.0,225.0,225.0,132.0
304,7,0.0,225.0,225.0,132.0
305,8,0.0,225.0,225.0,132.0
306,0,0.0,225.0,225.0,136.0
307,1,0.0,225.0,225.0,136.0
308,2,0.0,225.0,225.0,136.0
309,3,0.0,225.0,225.0,136.0
310,4,0.0,225.0,225.0,136.0
311,5,0.0,225.0,225.0,136.0
312,6,0.0,225.0,225.0,136.0
313,7,0.0,225.0,225.0,136.0
314,8,0.0,225.0,225.0,136.0
315,0,0.0,225.0,225.0,140.0
316,1,0.0,225.0,225.0,140.0
317,2,0.0,225.0,225.0,140.0
318,3,0.0,225.0,225.0,140.0
319,4,0.0,225.0,225.0,140.0
320,5,0.0,225.0,225.0,140.0
321,6,0.0,225.0,225.0,140.0
322,7,0.0,225.0,225.0,140.0
323,8,0.0,225.0,225.0,140.0
324,0,0.0,225.0,225.0,144.0
325,1,0.0,225.0,225.0,144.0
326,2,0.0,225.0,225.0,144.0
327,3,0.0,225.0,225.0,144.0
328,4,0.0,225.0,225.0,144.0
329,5,0.0,225.0,225.0,144.0
330,6,0.0,225.0,225.0,144.0
331,7,0.0,225.0,225.0,144.0
332,8,0.0,225.0,225.0,144.0
333,0,0.0,225.0,225.0,148.0
334,1,0.0,225.0,225.0,148.0
335,2,0.0,225.0,225.0,148.0
336,3,0.0,225.0,225.0,148.0
337,4,0.0,225.0,225.0,148.0
338,5,0.0,225.0,225.0,148.0
339,6,0.0,225.0,225.0,148.0
340,7,0.0,225.0,225.0,148.0
341,8,0.0,225.0,225.0,148.0
342,0,0.0,225.0,225.0,152.0
343,1,0.0,225.0,225.0,152.0
344,2,0.0,225.0,225.0,152.0
345,3,0.0,225.0,225.0,152.0
346,4,0.0,225.0,225.0,152.0
347,5,0.0,225.0,225.0,152.0
348,6,0.0,225.0,225.0,152.0
349,7,0.0,225.0,225.0,152.0
350,8,0.0,225.0,225.0,152.0
351,0,0.0,225.0,225.0,156.0
352,1,0.0,225.0,225.0,156.0
353,2,0.0,225.0,225.0,156.0
354,3,0.0,225.0,225.0,156.0
355,4,0.0,225.0,225.0,156.0
356,5,0.0,225.0,225.0,156.0
357,6,0.0,225.0,225.0,156.0
358,7,0.0,225.0,225.0,156.0
359,8,0.0,225.0,225.0,156.0
360,0,0.0,225.0,225.0,160.0
361,1,0.0,225.0,225.0,160.0
362,2,0.0,225.0,225.0,160.0
363,3,0.0,225.0,225.0,160.0
364,4,0.0,225.0,225.0,160.0
365,5,0.0,225.0,225.0,160.0
366,6,0.0,225.0,225.0,160.0
367,7,0.0,225.0,225.0,160.0
368,8,0.0,225.0,225.0,160.0
369,0,0.0,225.0,225.0,164.0
370,1,0.0,225.0,225.0,164.0
371,2,0.0,225.0,225.0,164.0
372,3,0.0,225.0,225.0,164.0
373,4,0.0,225.0,225.0,164.0
374,5,0.0,225.0,225.0,164.0
375,6,0.0,225.0,225.0,164.0
376,7,0.0,225.0,225.0,164.0
377,8,0.0,225.0,225.0,164.0
378,0,0.0,225.0,225.0,168.0
379,1,0.0,225.0,225.0,168.0
380,2,0.0,225.0,225.0,168.0
381,3,0.0,225.0,225.0,168.0
382,4,0.0,225.0,225.0,168.0
383,5,0.0,225.0,225.0,168.0
384,6,0.0,225.0,225.0,168.0
385,7,0.0,225.0,225.0,168.0
386,8,0.0,225.0,225.0,168.0
387,0,0.0,225.0,225.0,172.0
388,1,0.0,225.0,225.0,172.0
389,2,0.0,225.0,225.0,172.0
390,3,0.0,225.0,225.0,172.0
391,4,0.0,225.0,225.0,172.0
392,5,0.0,225.0,225.0,172.0
393,6,0.0,225.0,225.0,172.0
394,7,0.0,225.0,225.0,172.0
395,8,0.0,225.0,225.0,172.0
396,0,0.0,225.0,225.0,176.0
397,1,0.0,225.0,225.0,176.0
398,2,0.0,225.0,225.0,176.0
399,3,0.0,225.0,225.0,176.0
400,4,0.0,225.0,225.0,176.0
401,5,0.0,225.0,225.0,176.0
402,6,0.0,225.0,225.0,176.0
403,7,0.0,225.0,225.0,176.0
404,8,0.0,225.0,225.0,176.0
405,0,0.0,225.0,225.0,180.0
406,1,0.0,225.0,225.0,180.0
407,2,0.0,225.0,225.0,180.0
408,3,0.0,225.0,225.0,180.0
409,4,0.0,225.0,225.0,180.0
410,5,0.0,225.0,225.0,180.0
411,6,0.0,225.0,225.0,180.0
412,7,0.0,225.0,225.0,180.0
413,8,0.0,225.0,225.0,180.0
414,0,0.0,225.0,225.0,184.0
415,1,0.0,225.0,225.0,184.0
416,2,0.0,225.0,225.0,184.0
417,3,0.0,225.0,225.0,184.0
418,4,0.0,225.0,225.0,184.0
419,5,0.0,225.0,225.0,184.0
420,6,0.0,225.0,225.0,184.0
421,7,0.0,225.0,225.0,184.0
422,8,0.0,225.0,225.0,184.0
423,0,0.0,225.0,225.0,188.0
424,1,0.0,225.0,225.0,188.0
425,2,0.0,225.0,225.0,188.0
426,3,0.0,225.0,225.0,188.0
427,4,0.0,225.0,225.0,188.0
428,5,0.0,225.0,225.0,188.0
429,6,0.0,225.0,225.0,188.0
430,7,0.0,225.0,225.0,188.0
431,8,0.0,225.0,225.0,188.0
432,0,0.0,225.0,225.0,192.0
433,1,0.0,225.0,225.0,192.0
434,2,0.0,225.0,225.0,192.0
435,3,0.0,225.0,225.0,192.0
436,4,0.0,225.0,225.0,192.0
437,5,0.0,225.0,225.0,192.0
438,6,0.0,225.0,225.0,192.0
439,7,0.0,225.0,225.0,192.0
440,8,0.0,225.0,225.0,192.0
441,0,0.0,225.0,225.0,196.0
442,1,0.0,225.0,225.0,196.0
443,2,0.0,225.0,225.0,196.0
444,3,0.0,225.0,225.0,196.0
445,4,0.0,225.0,225.0,196.0
446,5,0.0,225.0,225.0,196.0
447,6,0.0,225.0,225.0,196.0
448,7,0.0,225.0,225.0,196.0
449,8,0.0,225.0,225.0,196.0
450,0,0.0,225.0,225.0,200.0
451,1,0.0,225.0,225.0,200.0
452,2,0.0,225.0,225.0,200.0
453,3,0.0,225.0,225.0,200.0
454,4,0.0,225.0,225.0,200.0
455,5,0.0,225.0,225.0,200.0
456,6,0.0,225.0,225.0,200.0
457,7,0.0,225.0,225.0,200.0
458,8,0.0,225.0,225.0,200.0
459,0,0.0,225.0,225.0,204.0
460,1,0.0,225.0,225.0,204.0
461,2,0.0,225.0,225.0,204.0
462,3,0.0,225.0,225.0,204.0
463,4,0.0,225.0,225.0,204.0
464,5,0.0,225.0,225.0,204.0
465,6,0.0,225.0,225.0,204.0
466,7,0.0,225.0,225.0,204.0
467,8,0.0,225.0,225.0,204.0
468,0,0.0,225.0,225.0,208.0
469,1,0.0,225.0,225.0,208.0
470,2,0.0,225.0,225.0,208.0
471,3,0.0,225.0,225.0,208.0
472,4,0.0,225.0,225.0,208.0
473,5,0.0,225.0,225.0,208.0
474,6,0.0,225.0,225.0,208.0
475,7,0.0,225.0,225.0,208.0
476,8,0.0,225.0,225.0,208.0
477,0,0.0,225.0,225.0,212.0
478,1,0.0,225.0,225.0,212.0
479,2,0.0,225.0,225.0,212.0
480,3,0.0,225.0,225.0,212.0
481,4,0.0,225.0,225.0,212.0
482,5,0.0,225.0,225.0,212.0
483,6,0.0,225.0,225.0,212.0
484,7,0.0,225.0,225.0,212.0
485,8,0.0,225.0,225.0,212.0
486,0,0.0,225.0,225.0,216.0
487,1,0.0,225.0,225.0,216.0
488,2,0.0,225.0,225.0,216.0
489,3,0.0,225.0,225.0,216.0
490,4,0.0,225.0,225.0,216.0
491,5,0.0,225.0,225.0,216.0
492,6,0.0,225.0,225.0,216.0
493,7,0.0,225.0,225.0,216.0
494,8,0.0,225.0,225.0,216.0
495,0,0.0,225.0,225.0,220.0
496,1,0.0,225.0,225.0,220.0
497,2,0.0,225.0,225.0,220.0
498,3,0.0,225.0,225.0,220.0
499,4,0.0,225.0,225.0,220.0
500,5,0.0,225.0,225.0,220.0
501,6,0.0,225.0,225.0,220.0
502,7,0.0,225.0,225.0,220.0
503,8,0.0,225.0,225.0,220.0
504,0,0.0,225.0,225.0,224.0
505,1,0.0,225.0,225.0,224.0
506,2,0.0,225.0,225.0,224.0
507,3,0.0,225.0,225.0,224.0
508,4,0.0,225.0,225.0,224.0
509,5,0.0,225.0,225.0,224.0
510,6,0.0,225.0,225.0,224.0
511,7,0.0,225.0,225.0,224.0
512,8,0.0,225.0,225.0,224.0
513,0,0.0,225.0,225.0,228.0
514,1,0.0,225.0,225.0,228.0
515,2,0.0,225.0,225.0,228.0
516,3,0.0,225.0,225.0,228.0
517,4,0.0,225.0,225.0,228.0
518,5,0.0,225.0,225.0,228.0
519,6,0.0,225.0,225.0,228.0
520,7,0.0,225.0,225.0,228.0
521,8,0.0,225.0,225.0,228.0
522,0,0.0,225.0,225.0,232.0
523,1,0.0,225.0,225.0,232.0
524,2,0.0,225.0,225.0,232.0
525,3,0.0,225.0,225.0,232.0
526,4,0.0,225.0,225.0,232.0
527,5,0.0,225.0,225.0,232.0
528,6,0.0,225.0,225.0,232.0
529,7,0.0,225.0,225.0,232.0
530,8,0.0,225.0,225.0,232.0
531,0,0.0,225.0,225.0,236.0
532,1,0.0,225.0,225.0,236.0
533,2,0.0,225.0,225.0,236.0
534,3,0.0,225.0,225.0,236.0
535,4,0.0,225.0,225.0,236.0
536,5,0.0,225.0,225.0,236.0
537,6,0.0,225.0,225.0,236.0
538,7,0.0,225.0,225.0,236.0
539,8,0.0,225.0,225.0,236.0
540,0,0.0,225.0,225.0,240.0
541,1,0.0,225.0,225.0,240.0
542,2,0.0,225.0,225.0,240.0
543,3,0.0,225.0,225.0,240.0
544,4,0.0,225.0,225.0,240.0
545,5,0.0,225.0,225.0,240.0
546,6,0.0,225.0,225.0,240.0
547,7,0.0,225.0,225.0,240.0
548,8,0.0,225.0,225.0,240.0
549,0,0.0,225.0,225.0,244.0
550,1,0.0,225.0,225.0,244.0
551,2,0.0,225.0,225.0,244.0
552,3,0.0,225.0,225.0,244.0
553,4,0.0,225.0,225.0,244.0
554,5,0.0,225.0,225.0,244.0
555,6,0.0,225.0,225.0,244.0
556,7,0.0,225.0,225.0,244.0
557,8,0.0,225.0,225.0,244.0
558,0,0.0,225.0,225.0,248.0
559,1,0.0,225.0,225.0,248.0
560,2,0.0,225.0,225.0,248.0
561,3,0.0,225.0,225.0,248.0
562,4,0.0,225.0,225.0,248.0
563,5,0.0,225.0,225.0,248.0
564,6,0.0,225.0,225.0,248.0
565,7,0.0,225.0,225.0,248.0
566,8,0.0,225.0,225.0,248.0
567,0,0.0,225.0,225.0,252.0
568,1,0.0,225.0,225.0,252.0
569,2,0.0,225.0,225.0,252.0
570,3,0.0,225.0,225.0,252.0
571,4,0.0,225.0,225.0,252.0
572,5,0.0,225.0,225.0,252.0
573,6,0.0,225.0,225.0,252.0
574,7,0.0,225.0,225.0,252.0
575,8,0.0,225.0,225.0,252.0
576,0,0.0,225.0,225.0,256.0
577,1,0.0,225.0,225.0,256.0
578,2,0.0,225.0,225.0,256.0
579,3,0.0,225.0,225.0,256.0
580,4,0.0,225.0,225.0,256.0
581,5,0.0,225.0,225.0,256.0
582,6,0.0,225.0,225.0,256.0
583,7,0.0,225.0,225.0,256.0
584,8,0.0,225.0,225.0,256.0
585,0,0.0,225.0,225.0,260.0
586,1,0.0,225.0,225.0,260.0
587,2,0.0,225.0,225.0,260.0
588,3,0.0,225.0,225.0,260.0
589,4,0.0,225.0,225.0,260.0
590,5,0.0,225.0,225.0,260.0
591,6,0.0,225.0,225.0,260.0
592,7,0.0,225.0,225.0,260.0
593,8,0.0,225.0,225.0,260.0
594,0,0.0,225.0,225.0,264.0
595,1,0.0,225.0,225.0,264.0
596,2,0.0,225.0,225.0,264.0
597,3,0.0,225.0,225.0,264.0
598,4,0.0,225.0,225.0,264.0
599,5,0.0,225.0,225.0,264.0
600,6,0.0,225.0,225.0,264.0
601,7,0.0,225.0,225.0,264.0
602,8,0.0,225.0,225.0,264.0
603,0,0.0,225.0,225.0,268.0
604,1,0.0,225.0,225.0,268.0
605,2,0.0,225.0,225.0,268.0
606,3,0.0,225.0,225.0,268.0
607,4,0.0,225.0,225.0,268.0
608,5,0.0,225.0,225.0,268.0
609,6,0.0,225.0,225.0,268.0
610,7,0.0,225.0,225.0,268.0
611,8,0.0,225.0,225.0,268.0
612,0,0.0,225.0,225.0,272.0
613,1,0.0,225.0,225.0,272.0
614,2,0.0,225.0,225.0,272.0
615,3,0.0,225.0,225.0,272.0
616,4,0.0,225.0,225.0,272.0
617,5,0.0,225.0,225.0,272.0
618,6,0.0,225.0,225.0,272.0
619,7,0.0,225.0,225.0,272.0
620,8,0.0,225.0,225.0,272.0
621,0,0.0,225.0,225.0,276.0
622,1,0.0,225.0,225.0,276.0
623,2,0.0,225.0,225.0,276.0
624,3,0.0,225.0,225.0,276.0
625,4,0.0,225.0,225.0,276.0
626,5,0.0,225.0,225.0,276.0
627,6,0.0,225.0,225.0,276.0
628,7,0.0,225.0,225.0,276.0
629,8,0.0,225.0,225.0,276.0
630,0,0.0,225.0,225.0,280.0
631,1,0.0,225.0,225.0,280.0
632,2,0.0,225.0,225.0,280.0
633,3,0.0,225.0,225.0,280.0
634,4,0.0,225.0,225.0,280.0
635,5,0.0,225.0,225.0,280.0
636,6,0.0,225.0,225.0,280.0
637,7,0.0,225.0,225.0,280.0
638,8,0.0,225.0,225.0,280.0
639,0,0.0,225.0,225.0,284.0
640,1,0.0,225.0,225.0,284.0
641,2,0.0,225.0,225.0,284.0
642,3,0.0,225.0,225.0,284.0
643,4,0.0,225.0,225.0,284.0
644,5,0.0,225.0,225.0,284.0
645,6,0.0,225.0,225.0,284.0
646,7,0.0,225.0,225.0,284.0
647,8,0.0,225.0,225.0,284.0
648,0,0.0,225.0,225.0,288.0
649,1,0.0,225.0,225.0,288.0
650,2,0.0,225.0,225.0,288.0
651,3,0.0,225.0,225.0,288.0
652,4,0.0,225.0,225.0,288.0
653,5,0.0,225.0,225.0,288.0
654,6,0.0,225.0,225.0,288.0
655,7,0.0,225.0,225.0,288.0
656,8,0.0,225.0,225.0,288.0
657,0,0.0,225.0,225.0,292.0
658,1,0.0,225.0,225.0,292.0
659,2,0.0,225.0,225.0,292.0
660,3,0.0,225.0,225.0,292.0
661,4,0.0,225.0,225.0,292.0
662,5,0.0,225.0,225.0,292.0
663,6,0.0,225.0,225.0,292.0
664,7,0.0,225.0,225.0,292.0
665,8,0.0,225.0,225.0,292.0
666,0,0.0,225.0,225.0,296.0
667,1,0.0,225.0,225.0,296.0
668,2,0.0,225.0,225.0,296.0
669,3,0.0,225.0,225.0,296.0
670,4,0.0,225.0,225.0,296.0
671,5,0.0,225.0,225.0,296.0
672,6,0.0,225.0,225.0,296.0
673,7,0.0,225.0,225.0,296.0
674,8,0.0,225.0,225.0,296.0
675,0,0.0,225.0,225.0,300.0
676,1,0.0,225.0,225.0,300.0
677,2,0.0,225.0,225.0,300.0
678,3,0.0,225.0,225.0,300.0
679,4,0.0,225.0,225.0,300.0
680,5,0.0,225.0,225.0,300.0
681,6,0.0,225.0,225.0,300.0
682,7,0.0,225.0,225.0,300.0
683,8,0.0,225.0,225.0,300.0
684,0,0.0,225.0,225.0,304.0
685,1,0.0,225.0,225.0,304.0
686,2,0.0,225.0,225.0,304.0
687,3,0.0,225.0,225.0,304.0
688,4,0.0,225.0,225.0,304.0
689,5,0.0,225.0,225.0,304.0
690,6,0.0,225.0,225.0,304.0
691,7,0.0,225.0,225.0,304.0
692,8,0.0,225.0,225.0,304.0
693,0,0.0,225.0,225.0,308.0
694,1,0.0,225.0,225.0,308.0
695,2,0.0,225.0,225.0,308.0
696,3,0.0,225.0,225.0,308.0
697,4,0.0,225.0,225.0,308.0
698,5,0.0,225.0,225.0,308.0
699,6,0.0,225.0,225.0,308.0
700,7,0.0,225.0,225.0,308.0
701,8,0.0,225.0,225.0,308.0
702,0,0.0,225.0,225.0,312.0
703,1,0.0,225.0,225.0,312.0
704,2,0.0,225.0,225.0,312.0
705,3,0.0,225.0,225.0,312.0
706,4,0.0,225.0,225.0,312.0
707,5,0.0,225.0,225.0,312.0
708,6,0.0,225.0,225.0,312.0
709,7,0.0,225.0,225.0,312.0
710,8,0.0,225.0,225.0,312.0
711,0,0.0,225.0,225.0,316.0
712,1,0.0,225.0,225.0,316.0
713,2,0.0,225.0,225.0,316.0
714,3,0.0,225.0,225.0,316.0
715,4,0.0,225.0,225.0,316.0
716,5,0.0,225.0,225.0,316.0
717,6,0.0,225.0,225.0,316.0
718,7,0.0,225.0,225.0,316.0
719,8,0.0,225.0,225.0,316.0
720,0,0.0,225.0,225.0,320.0
721,1,0.0,225.0,225.0,320.0
722,2,0.0,225.0,225.0,320.0
723,3,0.0,225.0,225.0,320.0
724,4,0.0,225.0,225.0,320.0
725,5,0.0,225.0,225.0,320.0
726,6,0.0,225.0,225.0,320.0
727,7,0.0,225.0,225.0,320.0
728,8,0.0,225.0,225.0,320.0
729,0,0.0,225.0,225.0,324.0
730,1,0.0,225.0,225.0,324.0
731,2,0.0,225.0,225.0,324.0
732,3,0.0,225.0,225.0,324.0
733,4,0.0,225.0,225.0,324.0
734,5,0.0,225.0,225.0,324.0
735,6,0.0,225.0,225.0,324.0
736,7,0.0,225.0,225.0,324.0
737,8,0.0,225.0,225.0,324.0
738,0,0.0,225.0,225.0,328.0
739,1,0.0,225.0,225.0,328.0
740,2,0.0,225.0,225.0,328.0
741,3,0.0,225.0,225.0,328.0
742,4,0.0,225.0,225.0,328.0
743,5,0.0,225.0,225.0,328.0
744,6,0.0,225.0,225.0,328.0
745,7,0.0,225.0,225.0,328.0
746,8,0.0,225.0,225.0,328.0
747,0,0.0,225.0,225.0,332.0
748,1,0.0,225.0,225.0,332.0
749,2,0.0,225.0,225.0,332.0
750,3,0.0,225.0,225.0,332.0
751,4,0.0,225.0,225.0,332.0
752,5,0.0,225.0,225.0,332.0
753,6,0.0,225.0,225.0,332.0
754,7,0.0,225.0,225.0,332.0
755,8,0.0,225.0,225.0,332.0
756,0,0.0,225.0,225.0,336.0
757,1,0.0,225.0,225.0,336.0
758,2,0.0,225.0,225.0,336.0
759,3,0.0,225.0,225.0,336.0
760,4,0.0,225.0,225.0,336.0
761,5,0.0,225.0,225.0,336.0
762,6,0.0,225.0,225.0,336.0
763,7,0.0,225.0,225.0,336.0
764,8,0.0,225.0,225.0,336.0
765,0,0.0,225.0,225.0,340.0
766,1,0.0,225.0,225.0,340.0
767,2,0.0,225.0,225.0,340.0
768,3,0.0,225.0,225.0,340.0
769,4,0.0,225.0,225.0,340.0
770,5,0.0,225.0,225.0,340.0
771,6,0.0,225.0,225.0,340.0
772,7,0.0,225.0,225.0,340.0
773,8,0.0,225.0,225.0,340.0
774,0,0.0,225.0,225.0,344.0
775,1,0.0,225.0,225.0,344.0
776,2,0.0,225.0,225.0,344.0
777,3,0.0,225.0,225.0,344.0
778,4,0.0,225.0,225.0,344.0
779,5,0.0,225.0,225.0,344.0
780,6,0.0,225.0,225.0,344.0
781,7,0.0,225.0,225.0,344.0
782,8,0.0,225.0,225.0,344.0
783,0,0.0,225.0,225.0,348.0
784,1,0.0,225.0,225.0,348.0
785,2,0.0,225.0,225.0,348.0
786,3,0.0,225.0,225.0,348.0
787,4,0.0,225.0,225.0,348.0
788,5,0.0,225.0,225.0,348.0
789,6,0.0,225.0,225.0,348.0
790,7,0.0,225.0,225.0,348.0
791,8,0.0,225.0,225.0,348.0
792,0,0.0,225.0,225.0,352.0
793,1,0.0,225.0,225.0,352.0
794,2,0.0,225.0,225.0,352.0
795,3,0.0,225.0,225.0,352.0
796,4,0.0,225.0,225.0,352.0
797,5,0.0,225.0,225.0,352.0
798,6,0.0,225.0,225.0,352.0
799,7,0.0,225.0,225.0,352.0
800,8,0.0,225.0,225.0,352.0
801,0,0.0,225.0,225.0,356.0
802,1,0.0,225.0,225.0,356.0
803,2,0.0,225.0,225.0,356.0
804,3,0.0,225.0,225.0,356.0
805,4,0.0,225.0,225.0,356.0
806,5,0.0,225.0,225.0,356.0
807,6,0.0,225.0,225.0,356.0
808,7,0.0,225.0,225.0,356.0
809,8,0.0,225.0,225.0,356.0
810,0,0.0,225.0,225.0,360.0
811,1,0.0,225.0,225.0,360.0
812,2,0.0,225.0,225.0,360.0
813,3,0.0,225.0,225.0,360.0
814,4,0.0,225.0,225.0,360.0
815,5,0.0,225.0,225.0,360.0
816,6,0.0,225.0,225.0,360.0
817,7,0.0,225.0,225.0,360.0
818,8,0.0,225.0,225.0,360.0
819,0,0.0,225.0,225.0,364.0
820,1,0.0,225.0,225.0,364.0
821,2,0.0,225.0,225.0,364.0
822,3,0.0,225.0,225.0,364.0
823,4,0.0,225.0,225.0,364.0
824,5,0.0,225.0,225.0,364.0
825,6,0.0,225.0,225.0,364.0
826,7,0.0,225.0,225.0,364.0
827,8,0.0,225.0,225.0,364.0
828,0,0.0,225.0,225.0,368.0
829,1,0.0,225.0,225.0,368.0
830,2,0.0,225.0,225.0,368.0
831,3,0.0,225.0,225.0,368.0
832,4,0.0,225.0,225.0,368.0
833,5,0.0,225.0,225.0,368.0
834,6,0.0,225.0,225.0,368.0
835,7,0.0,225.0,225.0,368.0
836,8,0.0,225.0,225.0,368.0
837,0,0.0,225.0,225.0,372.0
838,1,0.0,225.0,225.0,372.0
839,2,0.0,225.0,225.0,372.0
840,3,0.0,225.0,225.0,372.0
841,4,0.0,225.0,225.0,372.0
842,5,0.0,225.0,225.0,372.0
843,6,0.0,225.0,225.0,372.0
844,7,0.0,225.0,225.0,372.0
845,8,0.0,225.0,225.0,372.0
846,0,0.0,225.0,225.0,376.0
847,1,0.0,225.0,225.0,376.0
848,2,0.0,225.0,225.0,376.0
849,3,0.0,225.0,225.0,376.0
850,4,0.0,225.0,225.0,376.0
851,5,0.0,225.0,225.0,376.0
852,6,0.0,225.0,225.0,376.0
853,7,0.0,225.0,225.0,376.0
854,8,0.0,225.0,225.0,376.0
855,0,0.0,225.0,225.0,380.0
856,1,0.0,225.0,225.0,380.0
857,2,0.0,225.0,225.0,380.0
858,3,0.0,225.0,225.0,380.0
859,4,0.0,225.0,225.0,380.0
860,5,0.0,225.0,225.0,380.0
861,6,0.0,225.0,225.0,380.0
862,7,0.0,225.0,225.0,380.0
863,8,0.0,225.0,225.0,380.0
864,0,0.0,225.0,225.0,384.0
865,1,0.0,225.0,225.0,384.0
866,2,0.0,225.0,225.0,384.0
867,3,0.0,225.0,225.0,384.0
868,4,0.0,225.0,225.0,384.0
869,5,0.0,225.0,225.0,384.0
870,6,0.0,225.0,225.0,384.0
871,7,0.0,225.0,225.0,384.0
872,8,0.0,225.0,225.0,384.0
873,0,0.0,225.0,225.0,388.0
874,1,0.0,225.0,225.0,388.0
875,2,0.0,225.0,225.0,388.0
876,3,0.0,225.0,225.0,388.0
877,4,0.0,225.0,225.0,388.0
878,5,0.0,225.0,225.0,388.0
879,6,0.0,225.0,225.0,388.0
880,7,0.0,225.0,225.0,388.0
881,8,0.0,225.0,225.0,388.0
882,0,0.0,225.0,225.0,392.0
883,1,0.0,225.0,225.0,392.0
884,2,0.0,225.0,225.0,392.0
885,3,0.0,225.0,225.0,392.0
886,4,0.0,225.0,225.0,392.0
887,5,0.0,225.0,225.0,392.0
888,6,0.0,225.0,225.0,392.0
889,7,0.0,225.0,225.0,392.0
890,8,0.0,225.0,225.0,392.0
891,0,0.0,225.0,225.0,396.0
892,1,0.0,225.0,225.0,396.0
893,2,0.0,225.0,225.0,396.0
894,3,0.0,225.0,225.0,396.0
895,4,0.0,225.0,225.0,396.0
896,5,0.0,225.0,225.0,396.0
897,6,0.0,225.0,225.0,396.0
898,7,0.0,225.0,225.0,396.0
899,8,0.0,225.0,225.0,396.0
900,0,0.0,225.0,225.0,400.0
901,1,0.0,225.0,225.0,400.0
902,2,0.0,225.0,225.0,400.0
903,3,0.0,225.0,225.0,400.0
904,4,0.0,225.0,225.0,400.0
905,5,0.0,225.0,225.0,400.0
906,6,0.0,225.0,225.0,400.0
907,7,0.0,225.0,225.0,400.0
908,8,0.0,225.0,225.0,400.0
909,0,0.0,225.0,225.0,404.0
910,1,0.0,225.0,225.0,404.0
911,2,0.0,225.0,225.0,404.0
912,3,0.0,225.0,225.0,404.0
913,4,0.0,225.0,225.0,404.0
914,5,0.0,225.0,225.0,404.0
915,6,0.0,225.0,225.0,404.0
916,7,0.0,225.0,225.0,404.0
917,8,0.0,225.0,225.0,404.0
918,0,0.0,225.0,225.0,408.0
919,1,0.0,225.0,225.0,408.0
920,2,0.0,225.0,225.0,408.0
921,3,0.0,225.0,225.0,408.0
922,4,0.0,225.0,225.0,408.0
923,5,0.0,225.0,225.0,408.0
924,6,0.0,225.0,225.0,408.0
925,7,0.0,225.0,225.0,408.0
926,8,0.0,225.0,225.0,408.0
927,0,0.0,225.0,225.0,412.0
928,1,0.0,225.0,225.0,412.0
929,2,0.0,225.0,225.0,412.0
930,3,0.0,225.0,225.0,412.0
931,4,0.0,225.0,225.0,412.0
932,5,0.0,225.0,225.0,412.0
933,6,0.0,225.0,225.0,412.0
934,7,0.0,225.0,225.0,412.0
935,8,0.0,225.0,225.0,412.0
936,0,0.0,225.0,225.0,416.0
937,1,0.0,225.0,225.0,416.0
938,2,0.0,225.0,225.0,416.0
939,3,0.0,225.0,225.0,416.0
940,4,0.0,225.0,225.0,416.0
941,5,0.0,225.0,225.0,416.0
942,6,0.0,225.0,225.0,416.0
943,7,0.0,225.0,225.0,416.0
944,8,0.0,225.0,225.0,416.0
945,0,0.0,225.0,225.0,420.0
946,1,0.0,225.0,225.0,420.0
947,2,0.0,225.0,225.0,420.0
948,3,0.0,225.0,225.0,420.0
949,4,0.0,225.0,225.0,420.0
950,5,0.0,225.0,225.0,420.0
951,6,0.0,225.0,225.0,420.0
952,7,0.0,225.0,225.0,420.0
953,8,0.0,225.0,225.0,420.0
954,0,0.0,225.0,225.0,424.0
955,1,0.0,225.0,225.0,424.0
956,2,0.0,225.0,225.0,424.0
957,3,0.0,225.0,225.0,424.0
958,4,0.0,225.0,225.0,424.0
959,5,0.0,225.0,225.0,424.0
960,6,0.0,225.0,225.0,424.0
961,7,0.0,225.0,225.0,424.0
962,8,0.0,225.0,225.0,424.0
963,0,0.0,225.0,225.0,428.0
964,1,0.0,225.0,225.0,428.0
965,2,0.0,225.0,225.0,428.0
966,3,0.0,225.0,225.0,428.0
967,4,0.0,225.0,225.0,428.0
968,5,0.0,225.0,225.0,428.0
969,6,0.0,225.0,225.0,428.0
970,7,0.0,225.0,225.0,428.0
971,8,0.0,225.0,225.0,428.0
972,0,0.0,225.0,225.0,432.0
973,1,0.0,225.0,225.0,432.0
974,2,0.0,225.0,225.0,432.0
975,3,0.0,225.0,225.0,432.0
976,4,0.0,225.0,225.0,432.0
977,5,0.0,225.0,225.0,432.0
978,6,0.0,225.0,225.0,432.0
979,7,0.0,225.0,225.0,432.0
980,8,0.0,225.0,225.0,432.0
981,0,0.0,225.0,225.0,436.0
982,1,0.0,225.0,225.0,436.0
983,2,0.0,225.0,225.0,436.0
984,3,0.0,225.0,225.0,436.0
985,4,0.0,225.0,225.0,436.0
986,5,0.0,225.0,225.0,436.0
987,6,0.0,225.0,225.0,436.0
988,7,0.0,225.0,225.0,436.0
989,8,0.0,225.0,225.0,436.0
990,0,0.0,225.0,225.0,440.0
991,1,0.0,225.0,225.0,440.0
992,2,0.0,225.0,225.0,440.0
993,3,0.0,225.0,225.0,440.0
994,4,0.0,225.0,225.0,440.0
995,5,0.0,225.0,225.0,440.0
996,6,0.0,225.0,225.0,440.0
997,7,0.0,225.0,225.0,440.0
998,8,0.0,225.0,225.0,440.0
999,0,0.0,225.0,225.0,444.0
1000,1,0.0,225.0,225.0,444.0
1001,2,0.0,225.0,225.0,444.0
1002,3,0.0,225.0,225.0,444.0
1003,4,0.0,225.0,225.0,444.0
1004,5,0.0,225.0,225.0,444.0
1005,6,0.0,225.0,225.0,444.0
1006,7,0.0,225.0,225.0,444.0
1007,8,0.0,225.0,225.0,444.0
1008,0,0.0,225.0,225.0,448.0
1009,1,0.0,225.0,225.0,448.0
1010,2,0.0,225.0,225.0,448.0
1011,3,0.0,225.0,225.0,448.0
1012,4,0.0,225.0,225.0,448.0
1013,5,0.0,225.0,225.0,448.0
1014,6,0.0,225.0,225.0,448.0
1015,7,0.0,225.0,225.0,448.0
1016,8,0.0,225.0,225.0,448.0
1017,0,0.0,225.0,225.0,452.0
1018,1,0.0,225.0,225.0,452.0
1019,2,0.0,225.0,225.0,452.0
1020,3,0.0,225.0,225.0,452.0
1021,4,0.0,225.0,225.0,452.0
1022,5,0.0,225.0,225.0,452.0
1023,6,0.0,225.0,225.0,452.0
1024,7,0.0,225.0,225.0,452.0
1025,8,0.0,225.0,225.0,452.0
1026,0,0.0,225.0,225.0,456.0
1027,1,0.0,225.0,225.0,456.0
1028,2,0.0,225.0,225.0,456.0
1029,3,0.0,225.0,225.0,456.0
1030,4,0.0,225.0,225.0,456.0
1031,5,0.0,225.0,225.0,456.0
1032,6,0.0,225.0,225.0,456.0
1033,7,0.0,225.0,225.0,456.0
1034,8,0.0,225.0,225.0,456.0
1035,0,0.0,225.0,225.0,460.0
1036,1,0.0,225.0,225.0,460.0
1037,2,0.0,225.0,225.0,460.0
1038,3,0.0,225.0,225.0,460.0
1039,4,0.0,225.0,225.0,460.0
1040,5,0.0,225.0,225.0,460.0
1041,6,0.0,225.0,225.0,460.0
1042,7,0.0,225.0,225.0,460.0
1043,8,0.0,225.0,225.0,460.0
1044,0,0.0,225.0,225.0,464.0
1045,1,0.0,225.0,225.0,464.0
1046,2,0.0,225.0,225.0,464.0
1047,3,0.0,225.0,225.0,464.0
1048,4,0.0,225.0,225.0,464.0
1049,5,0.0,225.0,225.0,464.0
1050,6,0.0,225.0,225.0,464.0
1051,7,0.0,225.0,225.0,464.0
1052,8,0.0,225.0,225.0,464.0
1053,0,0.0,225.0,225.0,468.0
1054,1,0.0,225.0,225.0,468.0
1055,2,0.0,225.0,225.0,468.0
1056,3,0.0,225.0,225.0,468.0
1057,4,0.0,225.0,225.0,468.0
1058,5,0.0,225.0,225.0,468.0
1059,6,0.0,225.0,225.0,468.0
1060,7,0.0,225.0,225.0,468.0
1061,8,0.0,225.0,225.0,468.0
1062,0,0.0,225.0,225.0,472.0
1063,1,0.0,225.0,225.0,472.0
1064,2,0.0,225.0,225.0,472.0
1065,3,0.0,225.0,225.0,472.0
1066,4,0.0,225.0,225.0,472.0
1067,5,0.0,225.0,225.0,472.0
1068,6,0.0,225.0,225.0,472.0
1069,7,0.0,225.0,225.0,472.0
1070,8,0.0,225.0,225.0,472.0
1071,0,0.0,225.0,225.0,476.0
1072,1,0.0,225.0,225.0,476.0
1073,2,0.0,225.0,225.0,476.0
1074,3,0.0,225.0,225.0,476.0
1075,4,0.0,225.0,225.0,476.0
1076,5,0.0,225.0,225.0,476.0
1077,6,0.0,225.0,225.0,476.0
1078,7,0.0,225.0,225.0,476.0
1079,8,0.0,225.0,225.0,476.0
1080,0,0.0,225.0,225.0,480.0
1081,1,0.0,225.0,225.0,480.0
1082,2,0.0,225.0,225.0,480.0
1083,3,0.0,225.0,225.0,480.0
1084,4,0.0,225.0,225.0,480.0
1085,5,0.0,225.0,225.0,480.0
1086,6,0.0,225.0,225.0,480.0
1087,7,0.0,225.0,225.0,480.0
1088,8,0.0,225.0,225.0,480.0
1089,0,0.0,225.0,225.0,484.0
1090,1,0.0,225.0,225.0,484.0
1091,2,0.0,225.0,225.0,484.0
1092,3,0.0,225.0,225.0,484.0
1093,4,0.0,225.0,225.0,484.0
1094,5,0.0,225.0,225.0,484.0
1095,6,0.0,225.0,225.0,484.0
1096,7,0.0,225.0,225.0,484.0
1097,8,0.0,225.0,225.0,484.0
1098,0,0.0,225.0,225.0,488.0
1099,1,0.0,225.0,225.0,488.0
1100,2,0.0,225.0,225.0,488.0
1101,3,0.0,225.0,225.0,488.0
1102,4,0.0,225.0,225.0,488.0
1103,5,0.0,225.0,225.0,488.0
1104,6,0.0,225.0,225.0,488.0
1105,7,0.0,225.0,225.0,488.0
1106,8,0.0,225.0,225.0,488.0
1107,0,0.0,225.0,225.0,492.0
1108,1,0.0,225.0,225.0,492.0
1109,2,0.0,225.0,225.0,492.0
1110,3,0.0,225.0,225.0,492.0
1111,4,0.0,225.0,225.0,492.0
1112,5,0.0,225.0,225.0,492.0
1113,6,0.0,225.0,225.0,492.0
1114,7,0.0,225.0,225.0,492.0
1115,8,0.0,225.0,225.0,492.0
1116,0,0.0,225.0,225.0,496.0
1117,1,0.0,225.0,225.0,496.0
1118,2,0.0,225.0,225.0,496.0
1119,3,0.0,225.0,225.0,496.0
1120,4,0.0,225.0,225.0,496.0
1121,5,0.0,225.0,225.0,496.0
1122,6,0.0,225.0,225.0,496.0
1123,7,0.0,225.0,225.0,496.0
1124,8,0.0,225.0,225.0,496.0
1125,0,0.0,225.0,225.0,500.0
1126,1,0.0,225.0,225.0,500.0
1127,2,0.0,225.0,225.0,500.0
1128,3,0.0,225.0,225.0,500.0
1129,4,0.0,225.0,225.0,500.0
1130,5,0.0,225.0,225.0,500.0
1131,6,0.0,225.0,225.0,500.0
1132,7,0.0,225.0,225.0,500.0
1133,8,0.0,225.0,225.0,500.0
1134,0,0.0,225.0,225.0,504.0
1135,1,0.0,225.0,225.0,504.0
1136,2,0.0,225.0,225.0,504.0
1137,3,0.0,225.0,225.0,504.0
1138,4,0.0,225.0,225.0,504.0
1139,5,0.0,225.0,225.0,504.0
1140,6,0.0,225.0,225.0,504.0
1141,7,0.0,225.0,225.0,504.0
1142,8,0.0,225.0,225.0,504.0
1143,0,0.0,225.0,225.0,508.0
1144,1,0.0,225.0,225.0,508.0
1145,2,0.0,225.0,225.0,508.0
1146,3,0.0,225.0,225.0,508.0
1147,4,0.0,225.0,225.0,508.0
1148,5,0.0,225.0,225.0,508.0
1149,6,0.0,225.0,225.0,508.0
1150,7,0.0,225.0,225.0,508.0
1151,8,0.0,225.0,225.0,508.0
1152,0,0.0,225.0,225.0,512.0
1153,1,0.0,225.0,225.0,512.0
1154,2,0.0,225.0,225.0,512.0
1155,3,0.0,225.0,225.0,512.0
1156,4,0.0,225.0,225.0,512.0
1157,5,0.0,225.0,225.0,512.0
1158,6,0.0,225.0,225.0,512.0
1159,7,0.0,225.0,225.0,512.0
1160,8,0.0,225.0,225.0,512.0
1161,0,0.0,225.0,225.0,516.0
1162,1,0.0,225.0,225.0,516.0
1163,2,0.0,225.0,225.0,516.0
1164,3,0.0,225.0,225.0,516.0
1165,4,0.0,225.0,225.0,516.0
1166,5,0.0,225.0,225.0,516.0
1167,6,0.0,225.0,225.0,516.0
1168,7,0.0,225.0,225.0,516.0
1169,8,0.0,225.0,225.0,516.0
1170,0,0.0,225.0,225.0,520.0
1171,1,0.0,225.0,225.0,520.0
1172,2,0.0,225.0,225.0,520.0
1173,3,0.0,225.0,225.0,520.0
1174,4,0.0,225.0,225.0,520.0
1175,5,0.0,225.0,225.0,520.0
1176,6,0.0,225.0,225.0,520.0
1177,7,0.0,225.0,225.0,520.0
1178,8,0.0,225.0,225.0,520.0
1179,0,0.0,225.0,225.0,524.0
1180,1,0.0,225.0,225.0,524.0
1181,2,0.0,225.0,225.0,524.0
1182,3,0.0,225.0,225.0,524.0
1183,4,0.0,225.0,225.0,524.0
1184,5,0.0,225.0,225.0,524.0
1185,6,0.0,225.0,225.0,524.0
1186,7,0.0,225.0,225.0,524.0
1187,8,0.0,225.0,225.0,524.0
1188,0,0.0,225.0,225.0,528.0
1189,1,0.0,225.0,225.0,528.0
1190,2,0.0,225.0,225.0,528.0
1191,3,0.0,225.0,225.0,528.0
1192,4,0.0,225.0,225.0,528.0
1193,5,0.0,225.0,225.0,528.0
1194,6,0.0,225.0,225.0,528.0
1195,7,0.0,225.0,225.0,528.0
1196,8,0.0,225.0,225.0,528.0
1197,0,0.0,225.0,225.0,532.0
1198,1,0.0,225.0,225.0,532.0
1199,2,0.0,225.0,225.0,532.0
1200,3,0.0,225.0,225.0,532.0
1201,4,0.0,225.0,225.0,532.0
1202,5,0.0,225.0,225.0,532.0
1203,6,0.0,225.0,225.0,532.0
1204,7,0.0,225.0,225.0,532.0
1205,8,0.0,225.0,225.0,532.0
1206,0,0.0,225.0,225.0,536.0
1207,1,0.0,225.0,225.0,536.0
1208,2,0.0,225.0,225.0,536.0
1209,3,0.0,225.0,225.0,536.0
1210,4,0.0,225.0,225.0,536.0
1211,5,0.0,225.0,225.0,536.0
1212,6,0.0,225.0,225.0,536.0
1213,7,0.0,225.0,225.0,536.0
1214,8,0.0,225.0,225.0,536.0
1215,0,0.0,225.0,225.0,540.0
1216,1,0.0,225.0,225.0,540.0
1217,2,0.0,225.0,225.0,540.0
1218,3,0.0,225.0,225.0,540.0
1219,4,0.0,225.0,225.0,540.0
1220,5,0.0,225.0,225.0,540.0
1221,6,0.0,225.0,225.0,540.0
1222,7,0.0,225.0,225.0,540.0
1223,8,0.0,225.0,225.0,540.0
1224,0,0.0,225.0,225.0,544.0
1225,1,0.0,225.0,225.0,544.0
1226,2,0.0,225.0,225.0,544.0
1227,3,0.0,225.0,225.0,544.0
1228,4,0.0,225.0,225.0,544.0
1229,5,0.0,225.0,225.0,544.0
1230,6,0.0,225.0,225.0,544.0
1231,7,0.0,225.0,225.0,544.0
1232,8,0.0,225.0,225.0,544.0
1233,0,0.0,225.0,225.0,548.0
1234,1,0.0,225.0,225.0,548.0
1235,2,0.0,225.0,225.0,548.0
1236,3,0.0,225.0,225.0,548.0
1237,4,0.0,225.0,225.0,548.0
1238,5,0.0,225.0,225.0,548.0
1239,6,0.0,225.0,225.0,548.0
1240,7,0.0,225.0,225.0,548.0
1241,8,0.0,225.0,225.0,548.0
1242,0,0.0,225.0,225.0,552.0
1243,1,0.0,225.0,225.0,552.0
1244,2,0.0,225.0,225.0,552.0
1245,3,0.0,225.0,225.0,552.0
1246,4,0.0,225.0,225.0,552.0
1247,5,0.0,225.0,225.0,552.0
1248,6,0.0,225.0,225.0,552.0
1249,7,0.0,225.0,225.0,552.0
1250,8,0.0,225.0,225.0,552.0
1251,0,0.0,225.0,225.0,556.0
1252,1,0.0,225.0,225.0,556.0
1253,2,0.0,225.0,225.0,556.0
1254,3,0.0,225.0,225.0,556.0
1255,4,0.0,225.0,225.0,556.0
1256,5,0.0,225.0,225.0,556.0
1257,6,0.0,225.0,225.0,556.0
1258,7,0.0,225.0,225.0,556.0
1259,8,0.0,225.0,225.0,556.0
1260,0,0.0,225.0,225.0,560.0
1261,1,0.0,225.0,225.0,560.0
1262,2,0.0,225.0,225.0,560.0
1263,3,0.0,225.0,225.0,560.0
1264,4,0.0,225.0,225.0,560.0
1265,5,0.0,225.0,225.0,560.0
1266,6,0.0,225.0,225.0,560.0
1267,7,0.0,225.0,225.0,560.0
1268,8,0.0,225.0,225.0,560.0
1269,0,0.0,225.0,225.0,564.0
1270,1,0.0,225.0,225.0,564.0
1271,2,0.0,225.0,225.0,564.0
1272,3,0.0,225.0,225.0,564.0
1273,4,0.0,225.0,225.0,564.0
1274,5,0.0,225.0,225.0,564.0
1275,6,0.0,225.0,225.0,564.0
1276,7,0.0,225.0,225.0,564.0
1277,8,0.0,225.0,225.0,564.0
1278,0,0.0,225.0,225.0,568.0
1279,1,0.0,225.0,225.0,568.0
1280,2,0.0,225.0,225.0,568.0
1281,3,0.0,225.0,225.0,568.0
1282,4,0.0,225.0,225.0,568.0
1283,5,0.0,225.0,225.0,568.0
1284,6,0.0,225.0,225.0,568.0
1285,7,0.0,225.0,225.0,568.0
1286,8,0.0,225.0,225.0,568.0
1287,0,0.0,225.0,225.0,572.0
1288,1,0.0,225.0,225.0,572.0
1289,2,0.0,225.0,225.0,572.0
1290,3,0.0,225.0,225.0,572.0
1291,4,0.0,225.0,225.0,572.0
1292,5,0.0,225.0,225.0,572.0
1293,6,0.0,225.0,225.0,572.0
1294,7,0.0,225.0,225.0,572.0
1295,8,0.0,225.0,225.0,572.0
1296,0,0.0,225.0,225.0,576.0
1297,1,0.0,225.0,225.0,576.0
1298,2,0.0,225.0,225.0,576.0
1299,3,0.0,225.0,225.0,576.0
1300,4,0.0,225.0,225.0,576.0
1301,5,0.0,225.0,225.0,576.0
1302,6,0.0,225.0,225.0,576.0
1303,7,0.0,225.0,225.0,576.0
1304,8,0.0,225.0,225.0,576.0
1305,0,0.0,225.0,225.0,580.0
1306,1,0.0,225.0,225.0,580.0
1307,2,0.0,225.0,225.0,580.0
1308,3,0.0,225.0,225.0,580.0
1309,4,0.0,225.0,225.0,580.0
1310,5,0.0,225.0,225.0,580.0
1311,6,0.0,225.0,225.0,580.0
1312,7,0.0,225.0,225.0,580.0
1313,8,0.0,225.0,225.0,580.0
1314,0,0.0,225.0,225.0,584.0
1315,1,0.0,225.0,225.0,584.0
1316,2,0.0,225.0,225.0,584.0
1317,3,0.0,225.0,225.0,584.0
1318,4,0.0,225.0,225.0,584.0
1319,5,0.0,225.0,225.0,584.0
1320,6,0.0,225.0,225.0,584.0
1321,7,0.0,225.0,225.0,584.0
1322,8,0.0,225.0,225.0,584.0
1323,0,0.0,225.0,225.0,588.0
1324,1,0.0,225.0,225.0,588.0
1325,2,0.0,225.0,225.0,588.0
1326,3,0.0,225.0,225.0,588.0
1327,4,0.0,225.0,225.0,588.0
1328,5,0.0,225.0,225.0,588.0
1329,6,0.0,225.0,225.0,588.0
1330,7,0.0,225.0,225.0,588.0
1331,8,0.0,225.0,225.0,588.0
1332,0,0.0,225.0,225.0,592.0
1333,1,0.0,225.0,225.0,592.0
1334,2,0.0,225.0,225.0,592.0
1335,3,0.0,225.0,225.0,592.0
1336,4,0.0,225.0,225.0,592.0
1337,5,0.0,225.0,225.0,592.0
1338,6,0.0,225.0,225.0,592.0
1339,7,0.0,225.0,225.0,592.0
1340,8,0.0,225.0,225.0,592.0
1341,0,0.0,225.0,225.0,596.0
1342,1,0.0,225.0,225.0,596.0
1343,2,0.0,225.0,225.0,596.0
1344,3,0.0,225.0,225.0,596.0
1345,4,0.0,225.0,225.0,596.0
1346,5,0.0,225.0,225.0,596.0
1347,6,0.0,225.0,225.0,596.0
1348,7,0.0,225.0,225.0,596.0
1349,8,0.0,225.0,225.0,596.0
1350,0,0.0,225.0,225.0,600.0
1351,1,0.0,225.0,225.0,600.0
1352,2,0.0,225.0,225.0,600.0
1353,3,0.0,225.0,225.0,600.0
1354,4,0.0,225.0,225.0,600.0
1355,5,0.0,225.0,225.0,600.0
1356,6,0.0,225.0,225.0,600.0
1357,7,0.0,225.0,225.0,600.0
1358,8,0.0,225.0,225.0,600.0
1359,0,0.0,225.0,225.0,604.0
1360,1,0.0,225.0,225.0,604.0
1361,2,0.0,225.0,225.0,604.0
1362,3,0.0,225.0,225.0,604.0
1363,4,0.0,225.0,225.0,604.0
1364,5,0.0,225.0,225.0,604.0
1365,6,0.0,225.0,225.0,604.0
1366,7,0.0,225.0,225.0,604.0
1367,8,0.0,225.0,225.0,604.0
1368,0,0.0,225.13333333333333,225.13333333333333,608.0
1369,1,0.0,225.13333333333333,225.13333333333333,608.0
1370,2,0.0,225.13333333333333,225.13333333333333,608.0
1371,3,0.0,225.13333333333333,225.13333333333333,608.0
1372,4,0.0,225.13333333333333,225.13333333333333,608.0
1373,5,0.0,225.13333333333333,225.13333333333333,608.0
1374,6,0.0,225.13333333333333,225.13333333333333,608.0
1375,7,0.0,225.13333333333333,225.13333333333333,608.0
1376,8,0.0,225.13333333333333,225.13333333333333,608.0
1377,0,0.0,225.26666666666668,225.26666666666668,612.0
1378,1,0.0,225.26666666666668,225.26666666666668,612.0
1379,2,0.0,225.26666666666668,225.26666666666668,612.0
1380,3,0.0,225.26666666666668,225.26666666666668,612.0
1381,4,0.0,225.26666666666668,225.26666666666668,612.0
1382,5,0.0,225.26666666666668,225.26666666666668,612.0
1383,6,0.0,225.26666666666668,225.26666666666668,612.0
1384,7,0.0,225.26666666666668,225.26666666666668,612.0
1385,8,0.0,225.26666666666668,225.26666666666668,612.0
1386,0,0.0,225.4,225.4,616.0
1387,1,0.0,225.4,225.4,616.0
1388,2,0.0,225.4,225.4,616.0
1389,3,0.0,225.4,225.4,616.0
1390,4,0.0,225.4,225.4,616.0
1391,5,0.0,225.4,225.4,616.0
1392,6,0.0,225.4,225.4,616.0
1393,7,0.0,225.4,225.4,616.0
1394,8,0.0,225.4,225.4,616.0
1395,0,0.0,225.53333333333333,225.53333333333333,620.0
1396,1,0.0,225.53333333333333,225.53333333333333,620.0
1397,2,0.0,225.53333333333333,225.53333333333333,620.0
1398,3,0.0,225.53333333333333,225.53333333333333,620.0
1399,4,0.0,225.53333333333333,225.53333333333333,620.0
1400,5,0.0,225.53333333333333,225.53333333333333,620.0
1401,6,0.0,225.53333333333333,225.53333333333333,620.0
1402,7,0.0,225.53333333333333,225.53333333333333,620.0
1403,8,0.0,225.53333333333333,225.53333333333333,620.0
1404,0,0.0,225.66666666666666,225.66666666666666,624.0
1405,1,0.0,225.66666666666666,225.66666666666666,624.0
1406,2,0.0,225.66666666666666,225.66666666666666,624.0
1407,3,0.0,225.66666666666666,225.66666666666666,624.0
1408,4,0.0,225.66666666666666,225.66666666666666,624.0
1409,5,0.0,225.66666666666666,225.66666666666666,624.0
1410,6,0.0,225.66666666666666,225.66666666666666,624.0
1411,7,0.0,225.66666666666666,225.66666666666666,624.0
1412,8,0.0,225.66666666666666,225.66666666666666,624.0
1413,0,0.0,225.8,225.8,628.0
1414,1,0.0,225.8,225.8,628.0
1415,2,0.0,225.8,225.8,628.0
1416,3,0.0,225.8,225.8,628.0
1417,4,0.0,225.8,225.8,628.0
1418,5,0.0,225.8,225.8,628.0
1419,6,0.0,225.8,225.8,628.0
1420,7,0.0,225.8,225.8,628.0
1421,8,0.0,225.8,225.8,628.0
1422,0,0.0,225.93333333333334,225.93333333333334,632.0
1423,1,0.0,225.93333333333334,225.93333333333334,632.0
1424,2,0.0,225.93333333333334,225.93333333333334,632.0
1425,3,0.0,225.93333333333334,225.93333333333334,632.0
1426,4,0.0,225.93333333333334,225.93333333333334,632.0
1427,5,0.0,225.93333333333334,225.93333333333334,632.0
1428,6,0.0,225.93333333333334,225.93333333333334,632.0
1429,7,0.0,225.93333333333334,225.93333333333334,632.0
1430,8,0.0,225.93333333333334,225.93333333333334,632.0
1431,0,0.0,226.06666666666666,226.06666666666666,636.0
1432,1,0.0,226.06666666666666,226.06666666666666,636.0
1433,2,0.0,226.06666666666666,226.06666666666666,636.0
1434,3,0.0,226.06666666666666,226.06666666666666,636.0
1435,4,0.0,226.06666666666666,226.06666666666666,636.0
1436,5,0.0,226.06666666666666,226.06666666666666,636.0
1437,6,0.0,226.06666666666666,226.06666666666666,636.0
1438,7,0.0,226.06666666666666,226.06666666666666,636.0
1439,8,0.0,226.06666666666666,226.06666666666666,636.0
1440,0,0.0,226.2,226.2,640.0
1441,1,0.0,226.2,226.2,640.0
1442,2,0.0,226.2,226.2,640.0
1443,3,0.0,226.2,226.2,640.0
1444,4,0.0,226.2,226.2,640.0
1445,5,0.0,226.2,226.2,640.0
1446,6,0.0,226.2,226.2,640.0
1447,7,0.0,226.2,226.2,640.0
1448,8,0.0,226.2,226.2,640.0
1449,0,0.0,226.33333333333334,226.33333333333334,644.0
1450,1,0.0,226.33333333333334,226.33333333333334,644.0
1451,2,0.0,226.33333333333334,226.33333333333334,644.0
1452,3,0.0,226.33333333333334,226.33333333333334,644.0
1453,4,0.0,226.33333333333334,226.33333333333334,644.0
1454,5,0.0,226.33333333333334,226.33333333333334,644.0
1455,6,0.0,226.33333333333334,226.33333333333334,644.0
1456,7,0.0,226.33333333333334,226.33333333333334,644.0
1457,8,0.0,226.33333333333334,226.33333333333334,644.0
1458,0,0.0,226.46666666666667,226.46666666666667,648.0
1459,1,0.0,226.46666666666667,226.46666666666667,648.0
1460,2,0.0,226.46666666666667,226.46666666666667,648.0
1461,3,0.0,226.46666666666667,226.46666666666667,648.0
1462,4,0.0,226.46666666666667,226.46666666666667,648.0
1463,5,0.0,226.46666666666667,226.46666666666667,648.0
1464,6,0.0,226.46666666666667,226.46666666666667,648.0
1465,7,0.0,226.46666666666667,226.46666666666667,648.0
1466,8,0.0,226.46666666666667,226.46666666666667,648.0
1467,0,0.0,226.6,226.6,652.0
1468,1,0.0,226.6,226.6,652.0
1469,2,0.0,226.6,226.6,652.0
1470,3,0.0,226.6,226.6,652.0
1471,4,0.0,226.6,226.6,652.0
1472,5,0.0,226.6,226.6,652.0
1473,6,0.0,226.6,226.6,652.0
1474,7,0.0,226.6,226.6,652.0
1475,8,0.0,226.6,226.6,652.0
1476,0,0.0,226.73333333333332,226.73333333333332,656.0
1477,1,0.0,226.73333333333332,226.73333333333332,656.0
1478,2,0.0,226.73333333333332,226.73333333333332,656.0
1479,3,0.0,226.73333333333332,226.73333333333332,656.0
1480,4,0.0,226.73333333333332,226.73333333333332,656.0
1481,5,0.0,226.73333333333332,226.73333333333332,656.0
1482,6,0.0,226.73333333333332,226.73333333333332,656.0
1483,7,0.0,226.73333333333332,226.73333333333332,656.0
1484,8,0.0,226.73333333333332,226.73333333333332,656.0
1485,0,0.0,226.86666666666667,226.86666666666667,660.0
1486,1,0.0,226.86666666666667,226.86666666666667,660.0
1487,2,0.0,226.86666666666667,226.86666666666667,660.0
1488,3,0.0,226.86666666666667,226.86666666666667,660.0
1489,4,0.0,226.86666666666667,226.86666666666667,660.0
1490,5,0.0,226.86666666666667,226.86666666666667,660.0
1491,6,0.0,226.86666666666667,226.86666666666667,660.0
1492,7,0.0,226.86666666666667,226.86666666666667,660.0
1493,8,0.0,226.86666666666667,226.86666666666667,660.0
1494,0,0.0,227.0,227.0,664.0
1495,1,0.0,227.0,227.0,664.0
1496,2,0.0,227.0,227.0,664.0
1497,3,0.0,227.0,227.0,664.0
1498,4,0.0,227.0,227.0,664.0
1499,5,0.0,227.0,227.0,664.0
1500,6,0.0,227.0,227.0,664.0
1501,7,0.0,227.0,227.0,664.0
1502,8,0.0,227.0,227.0,664.0
1503,0,0.0,227.13333333333333,227.13333333333333,668.0
1504,1,0.0,227.13333333333333,227.13333333333333,668.0
1505,2,0.0,227.13333333333333,227.13333333333333,668.0
1506,3,0.0,227.13333333333333,227.13333333333333,668.0
1507,4,0.0,227.13333333333333,227.13333333333333,668.0
1508,5,0.0,227.13333333333333,227.13333333333333,668.0
1509,6,0.0,227.13333333333333,227.13333333333333,668.0
1510,7,0.0,227.13333333333333,227.13333333333333,668.0
1511,8,0.0,227.13333333333333,227.13333333333333,668.0
1512,0,0.0,227.26666666666668,227.26666666666668,672.0
1513,1,0.0,227.26666666666668,227.26666666666668,672.0
1514,2,0.0,227.26666666666668,227.26666666666668,672.0
1515,3,0.0,227.26666666666668,227.26666666666668,672.0
1516,4,0.0,227.26666666666668,227.26666666666668,672.0
1517,5,0.0,227.26666666666668,227.26666666666668,672.0
1518,6,0.0,227.26666666666668,227.26666666666668,672.0
1519,7,0.0,227.26666666666668,227.26666666666668,672.0
1520,8,0.0,227.26666666666668,227.26666666666668,672.0
1521,0,0.0,227.4,227.4,676.0
1522,1,0.0,227.4,227.4,676.0
1523,2,0.0,227.4,227.4,676.0
1524,3,0.0,227.4,227.4,676.0
1525,4,0.0,227.4,227.4,676.0
1526,5,0.0,227.4,227.4,676.0
1527,6,0.0,227.4,227.4,676.0
1528,7,0.0,227.4,227.4,676.0
1529,8,0.0,227.4,227.4,676.0
1530,0,0.0,227.53333333333333,227.53333333333333,680.0
1531,1,0.0,227.53333333333333,227.53333333333333,680.0
1532,2,0.0,227.53333333333333,227.53333333333333,680.0
1533,3,0.0,227.53333333333333,227.53333333333333,680.0
1534,4,0.0,227.53333333333333,227.53333333333333,680.0
1535,5,0.0,227.53333333333333,227.53333333333333,680.0
1536,6,0.0,227.53333333333333,227.53333333333333,680.0
1537,7,0.0,227.53333333333333,227.53333333333333,680.0
1538,8,0.0,227.53333333333333,227.53333333333333,680.0
1539,0,0.0,227.66666666666666,227.66666666666666,684.0
1540,1,0.0,227.66666666666666,227.66666666666666,684.0
1541,2,0.0,227.66666666666666,227.66666666666666,684.0
1542,3,0.0,227.66666666666666,227.66666666666666,684.0
1543,4,0.0,227.66666666666666,227.66666666666666,684.0
1544,5,0.0,227.66666666666666,227.66666666666666,684.0
1545,6,0.0,227.66666666666666,227.66666666666666,684.0
1546,7,0.0,227.66666666666666,227.66666666666666,684.0
1547,8,0.0,227.66666666666666,227.66666666666666,684.0
1548,0,0.0,227.8,227.8,688.0
1549,1,0.0,227.8,227.8,688.0
1550,2,0.0,227.8,227.8,688.0
1551,3,0.0,227.8,227.8,688.0
1552,4,0.0,227.8,227.8,688.0
1553,5,0.0,227.8,227.8,688.0
1554,6,0.0,227.8,227.8,688.0
1555,7,0.0,227.8,227.8,688.0
1556,8,0.0,227.8,227.8,688.0
1557,0,0.0,227.93333333333334,227.93333333333334,692.0
1558,1,0.0,227.93333333333334,227.93333333333334,692.0
1559,2,0.0,227.93333333333334,227.93333333333334,692.0
1560,3,0.0,227.93333333333334,227.93333333333334,692.0
1561,4,0.0,227.93333333333334,227.93333333333334,692.0
1562,5,0.0,227.93333333333334,227.93333333333334,692.0
1563,6,0.0,227.93333333333334,227.93333333333334,692.0
1564,7,0.0,227.93333333333334,227.93333333333334,692.0
1565,8,0.0,227.93333333333334,227.93333333333334,692.0
1566,0,0.0,228.06666666666666,228.06666666666666,696.0
1567,1,0.0,228.06666666666666,228.06666666666666,696.0
1568,2,0.0,228.06666666666666,228.06666666666666,696.0
1569,3,0.0,228.06666666666666,228.06666666666666,696.0
1570,4,0.0,228.06666666666666,228.06666666666666,696.0
1571,5,0.0,228.06666666666666,228.06666666666666,696.0
1572,6,0.0,228.06666666666666,228.06666666666666,696.0
1573,7,0.0,228.06666666666666,228.06666666666666,696.0
1574,8,0.0,228.06666666666666,228.06666666666666,696.0
1575,0,0.0,228.2,228.2,700.0
1576,1,0.0,228.2,228.2,700.0
1577,2,0.0,228.2,228.2,700.0
1578,3,0.0,228.2,228.2,700.0
1579,4,0.0,228.2,228.2,700.0
1580,5,0.0,228.2,228.2,700.0
1581,6,0.0,228.2,228.2,700.0
1582,7,0.0,228.2,228.2,700.0
1583,8,0.0,228.2,228.2,700.0
1584,0,0.0,228.33333333333334,228.33333333333334,704.0
1585,1,0.0,228.33333333333334,228.33333333333334,704.0
1586,2,0.0,228.33333333333334,228.33333333333334,704.0
1587,3,0.0,228.33333333333334,228.33333333333334,704.0
1588,4,0.0,228.33333333333334,228.33333333333334,704.0
1589,5,0.0,228.33333333333334,228.33333333333334,704.0
1590,6,0.0,228.33333333333334,228.33333333333334,704.0
1591,7,0.0,228.33333333333334,228.33333333333334,704.0
1592,8,0.0,228.33333333333334,228.33333333333334,704.0
1593,0,0.0,228.46666666666667,228.46666666666667,708.0
1594,1,0.0,228.46666666666667,228.46666666666667,708.0
1595,2,0.0,228.46666666666667,228.46666666666667,708.0
1596,3,0.0,228.46666666666667,228.46666666666667,708.0
1597,4,0.0,228.46666666666667,228.46666666666667,708.0
1598,5,0.0,228.46666666666667,228.46666666666667,708.0
1599,6,0.0,228.46666666666667,228.46666666666667,708.0
1600,7,0.0,228.46666666666667,228.46666666666667,708.0
1601,8,0.0,228.46666666666667,228.46666666666667,708.0
1602,0,0.0,228.6,228.6,712.0
1603,1,0.0,228.6,228.6,712.0
1604,2,0.0,228.6,228.6,712.0
1605,3,0.0,228.6,228.6,712.0
1606,4,0.0,228.6,228.6,712.0
1607,5,0.0,228.6,228.6,712.0
1608,6,0.0,228.6,228.6,712.0
1609,7,0.0,228.6,228.6,712.0
1610,8,0.0,228.6,228.6,712.0
1611,0,0.0,228.73333333333332,228.73333333333332,716.0
1612,1,0.0,228.73333333333332,228.73333333333332,716.0
1613,2,0.0,228.73333333333332,228.73333333333332,716.0
1614,3,0.0,228.73333333333332,228.73333333333332,716.0
1615,4,0.0,228.73333333333332,228.73333333333332,716.0
1616,5,0.0,228.73333333333332,228.73333333333332,716.0
1617,6,0.0,228.73333333333332,228.73333333333332,716.0
1618,7,0.0,228.73333333333332,228.73333333333332,716.0
1619,8,0.0,228.73333333333332,228.73333333333332,716.0
1620,0,0.0,228.86666666666667,228.86666666666667,720.0
1621,1,0.0,228.86666666666667,228.86666666666667,720.0
1622,2,0.0,228.86666666666667,228.86666666666667,720.0
1623,3,0.0,228.86666666666667,228.86666666666667,720.0
1624,4,0.0,228.86666666666667,228.86666666666667,720.0
1625,5,0.0,228.86666666666667,228.86666666666667,720.0
1626,6,0.0,228.86666666666667,228.86666666666667,720.0
1627,7,0.0,228.86666666666667,228.86666666666667,720.0
1628,8,0.0,228.86666666666667,228.86666666666667,720.0
1629,0,0.0,229.0,229.0,724.0
1630,1,0.0,229.0,229.0,724.0
1631,2,0.0,229.0,229.0,724.0
1632,3,0.0,229.0,229.0,724.0
1633,4,0.0,229.0,229.0,724.0
1634,5,0.0,229.0,229.0,724.0
1635,6,0.0,229.0,229.0,724.0
1636,7,0.0,229.0,229.0,724.0
1637,8,0.0,229.0,229.0,724.0
1638,0,0.0,229.13333333333333,229.13333333333333,728.0
1639,1,0.0,229.13333333333333,229.13333333333333,728.0
1640,2,0.0,229.13333333333333,229.13333333333333,728.0
1641,3,0.0,229.13333333333333,229.13333333333333,728.0
1642,4,0.0,229.13333333333333,229.13333333333333,728.0
1643,5,0.0,229.13333333333333,229.13333333333333,728.0
1644,6,0.0,229.13333333333333,229.13333333333333,728.0
1645,7,0.0,229.13333333333333,229.13333333333333,728.0
1646,8,0.0,229.13333333333333,229.13333333333333,728.0
1647,0,0.0,229.26666666666668,229.26666666666668,732.0
1648,1,0.0,229.26666666666668,229.26666666666668,732.0
1649,2,0.0,229.26666666666668,229.26666666666668,732.0
1650,3,0.0,229.26666666666668,229.26666666666668,732.0
1651,4,0.0,229.26666666666668,229.26666666666668,732.0
1652,5,0.0,229.26666666666668,229.26666666666668,732.0
1653,6,0.0,229.26666666666668,229.26666666666668,732.0
1654,7,0.0,229.26666666666668,229.26666666666668,732.0
1655,8,0.0,229.26666666666668,229.26666666666668,732.0
1656,0,0.0,229.4,229.4,736.0
1657,1,0.0,229.4,229.4,736.0
1658,2,0.0,229.4,229.4,736.0
1659,3,0.0,229.4,229.4,736.0
1660,4,0.0,229.4,229.4,736.0
1661,5,0.0,229.4,229.4,736.0
1662,6,0.0,229.4,229.4,736.0
1663,7,0.0,229.4,229.4,736.0
1664,8,0.0,229.4,229.4,736.0
1665,0,0.0,229.53333333333333,229.53333333333333,740.0
1666,1,0.0,229.53333333333333,229.53333333333333,740.0
1667,2,0.0,229.53333333333333,229.53333333333333,740.0
1668,3,0.0,229.53333333333333,229.53333333333333,740.0
1669,4,0.0,229.53333333333333,229.53333333333333,740.0
1670,5,0.0,229.53333333333333,229.53333333333333,740.0
1671,6,0.0,229.53333333333333,229.53333333333333,740.0
1672,7,0.0,229.53333333333333,229.53333333333333,740.0
1673,8,0.0,229.53333333333333,229.53333333333333,740.0
1674,0,0.0,229.66666666666666,229.66666666666666,744.0
1675,1,0.0,229.66666666666666,229.66666666666666,744.0
1676,2,0.0,229.66666666666666,229.66666666666666,744.0
1677,3,0.0,229.66666666666666,229.66666666666666,744.0
1678,4,0.0,229.66666666666666,229.66666666666666,744.0
1679,5,0.0,229.66666666666666,229.66666666666666,744.0
1680,6,0.0,229.66666666666666,229.66666666666666,744.0
1681,7,0.0,229.66666666666666,229.66666666666666,744.0
1682,8,0.0,229.66666666666666,229.66666666666666,744.0
1683,0,0.0,229.8,229.8,748.0
1684,1,0.0,229.8,229.8,748.0
1685,2,0.0,229.8,229.8,748.0
1686,3,0.0,229.8,229.8,748.0
1687,4,0.0,229.8,229.8,748.0
1688,5,0.0,229.8,229.8,748.0
1689,6,0.0,229.8,229.8,748.0
1690,7,0.0,229.8,229.8,748.0
1691,8,0.0,229.8,229.8,748.0
1692,0,0.0,229.93333333333334,229.93333333333334,752.0
1693,1,0.0,229.93333333333334,229.93333333333334,752.0
1694,2,0.0,229.93333333333334,229.93333333333334,752.0
1695,3,0.0,229.93333333333334,229.93333333333334,752.0
1696,4,0.0,229.93333333333334,229.93333333333334,752.0
1697,5,0.0,229.93333333333334,229.93333333333334,752.0
1698,6,0.0,229.93333333333334,229.93333333333334,752.0
1699,7,0.0,229.93333333333334,229.93333333333334,752.0
1700,8,0.0,229.93333333333334,229.93333333333334,752.0
1701,0,0.0,230.06666666666666,230.06666666666666,756.0
1702,1,0.0,230.06666666666666,230.06666666666666,756.0
1703,2,0.0,230.06666666666666,230.06666666666666,756.0
1704,3,0.0,230.06666666666666,230.06666666666666,756.0
1705,4,0.0,230.06666666666666,230.06666666666666,756.0
1706,5,0.0,230.06666666666666,230.06666666666666,756.0
1707,6,0.0,230.06666666666666,230.06666666666666,756.0
1708,7,0.0,230.06666666666666,230.06666666666666,756.0
1709,8,0.0,230.06666666666666,230.06666666666666,756.0
1710,0,0.0,230.2,230.2,760.0
1711,1,0.0,230.2,230.2,760.0
1712,2,0.0,230.2,230.2,760.0
1713,3,0.0,230.2,230.2,760.0
1714,4,0.0,230.2,230.2,760.0
1715,5,0.0,230.2,230.2,760.0
1716,6,0.0,230.2,230.2,760.0
1717,7,0.0,230.2,230.2,760.0
1718,8,0.0,230.2,230.2,760.0
1719,0,0.0,230.33333333333334,230.33333333333334,764.0
1720,1,0.0,230.33333333333334,230.33333333333334,764.0
1721,2,0.0,230.33333333333334,230.33333333333334,764.0
1722,3,0.0,230.33333333333334,230.33333333333334,764.0
1723,4,0.0,230.33333333333334,230.33333333333334,764.0
1724,5,0.0,230.33333333333334,230.33333333333334,764.0
1725,6,0.0,230.33333333333334,230.33333333333334,764.0
1726,7,0.0,230.33333333333334,230.33333333333334,764.0
1727,8,0.0,230.33333333333334,230.33333333333334,764.0
1728,0,0.0,230.46666666666667,230.46666666666667,768.0
1729,1,0.0,230.46666666666667,230.46666666666667,768.0
1730,2,0.0,230.46666666666667,230.46666666666667,768.0
1731,3,0.0,230.46666666666667,230.46666666666667,768.0
1732,4,0.0,230.46666666666667,230.46666666666667,768.0
1733,5,0.0,230.46666666666667,230.46666666666667,768.0
1734,6,0.0,230.46666666666667,230.46666666666667,768.0
1735,7,0.0,230.46666666666667,230.46666666666667,768.0
1736,8,0.0,230.46666666666667,230.46666666666667,768.0
1737,0,0.0,230.6,230.6,772.0
1738,1,0.0,230.6,230.6,772.0
1739,2,0.0,230.6,230.6,772.0
1740,3,0.0,230.6,230.6,772.0
1741,4,0.0,230.6,230.6,772.0
1742,5,0.0,230.6,230.6,772.0
1743,6,0.0,230.6,230.6,772.0
1744,7,0.0,230.6,230.6,772.0
1745,8,0.0,230.6,230.6,772.0
1746,0,0.0,230.73333333333332,230.73333333333332,776.0
1747,1,0.0,230.73333333333332,230.73333333333332,776.0
1748,2,0.0,230.73333333333332,230.73333333333332,776.0
1749,3,0.0,230.73333333333332,230.73333333333332,776.0
1750,4,0.0,230.73333333333332,230.73333333333332,776.0
1751,5,0.0,230.73333333333332,230.73333333333332,776.0
1752,6,0.0,230.73333333333332,230.73333333333332,776.0
1753,7,0.0,230.73333333333332,230.73333333333332,776.0
1754,8,0.0,230.73333333333332,230.73333333333332,776.0
1755,0,0.0,230.86666666666667,230.86666666666667,780.0
1756,1,0.0,230.86666666666667,230.86666666666667,780.0
1757,2,0.0,230.86666666666667,230.86666666666667,780.0
1758,3,0.0,230.86666666666667,230.86666666666667,780.0
1759,4,0.0,230.86666666666667,230.86666666666667,780.0
1760,5,0.0,230.86666666666667,230.86666666666667,780.0
1761,6,0.0,230.86666666666667,230.86666666666667,780.0
1762,7,0.0,230.86666666666667,230.86666666666667,780.0
1763,8,0.0,230.86666666666667,230.86666666666667,780.0
1764,0,0.0,231.0,231.0,784.0
1765,1,0.0,231.0,231.0,784.0
1766,2,0.0,231.0,231.0,784.0
1767,3,0.0,231.0,231.0,784.0
1768,4,0.0,231.0,231.0,784.0
1769,5,0.0,231.0,231.0,784.0
1770,6,0.0,231.0,231.0,784.0
1771,7,0.0,231.0,231.0,784.0
1772,8,0.0,231.0,231.0,784.0
1773,0,0.0,231.13333333333333,231.13333333333333,788.0
1774,1,0.0,231.13333333333333,231.13333333333333,788.0
1775,2,0.0,231.13333333333333,231.13333333333333,788.0
1776,3,0.0,231.13333333333333,231.13333333333333,788.0
1777,4,0.0,231.13333333333333,231.13333333333333,788.0
1778,5,0.0,231.13333333333333,231.13333333333333,788.0
1779,6,0.0,231.13333333333333,231.13333333333333,788.0
1780,7,0.0,231.13333333333333,231.13333333333333,788.0
1781,8,0.0,231.13333333333333,231.13333333333333,788.0
1782,0,0.0,231.26666666666668,231.26666666666668,792.0
1783,1,0.0,231.26666666666668,231.26666666666668,792.0
1784,2,0.0,231.26666666666668,231.26666666666668,792.0
1785,3,0.0,231.26666666666668,231.26666666666668,792.0
1786,4,0.0,231.26666666666668,231.26666666666668,792.0
1787,5,0.0,231.26666666666668,231.26666666666668,792.0
1788,6,0.0,231.26666666666668,231.26666666666668,792.0
1789,7,0.0,231.26666666666668,231.26666666666668,792.0
1790,8,0.0,231.26666666666668,231.26666666666668,792.0
1791,0,0.0,231.4,231.4,796.0
1792,1,0.0,231.4,231.4,796.0
1793,2,0.0,231.4,231.4,796.0
1794,3,0.0,231.4,231.4,796.0
1795,4,0.0,231.4,231.4,796.0
1796,5,0.0,231.4,231.4,796.0
1797,6,0.0,231.4,231.4,796.0
1798,7,0.0,231.4,231.4,796.0
1799,8,0.0,231.4,231.4,796.0
1800,0,0.0,231.53333333333333,231.53333333333333,800.0
1801,1,0.0,231.53333333333333,231.53333333333333,800.0
1802,2,0.0,231.53333333333333,231.53333333333333,800.0
1803,3,0.0,231.53333333333333,231.53333333333333,800.0
1804,4,0.0,231.53333333333333,231.53333333333333,800.0
1805,5,0.0,231.53333333333333,231.53333333333333,800.0
1806,6,0.0,231.53333333333333,231.53333333333333,800.0
1807,7,0.0,231.53333333333333,231.53333333333333,800.0
1808,8,0.0,231.53333333333333,231.53333333333333,800.0
1809,0,0.0,231.66666666666666,231.66666666666666,804.0
1810,1,0.0,231.66666666666666,231.66666666666666,804.0
1811,2,0.0,231.66666666666666,231.66666666666666,804.0
1812,3,0.0,231.66666666666666,231.66666666666666,804.0
1813,4,0.0,231.66666666666666,231.66666666666666,804.0
1814,5,0.0,231.66666666666666,231.66666666666666,804.0
1815,6,0.0,231.66666666666666,231.66666666666666,804.0
1816,7,0.0,231.66666666666666,231.66666666666666,804.0
1817,8,0.0,231.66666666666666,231.66666666666666,804.0
1818,0,0.0,231.8,231.8,808.0
1819,1,0.0,231.8,231.8,808.0
1820,2,0.0,231.8,231.8,808.0
1821,3,0.0,231.8,231.8,808.0
1822,4,0.0,231.8,231.8,808.0
1823,5,0.0,231.8,231.8,808.0
1824,6,0.0,231.8,231.8,808.0
1825,7,0.0,231.8,231.8,808.0
1826,8,0.0,231.8,231.8,808.0
1827,0,0.0,231.93333333333334,231.93333333333334,812.0
1828,1,0.0,231.93333333333334,231.93333333333334,812.0
1829,2,0.0,231.93333333333334,231.93333333333334,812.0
1830,3,0.0,231.93333333333334,231.93333333333334,812.0
1831,4,0.0,231.93333333333334,231.93333333333334,812.0
1832,5,0.0,231.93333333333334,231.93333333333334,812.0
1833,6,0.0,231.93333333333334,231.93333333333334,812.0
1834,7,0.0,231.93333333333334,231.93333333333334,812.0
1835,8,0.0,231.93333333333334,231.93333333333334,812.0
1836,0,0.0,232.06666666666666,232.06666666666666,816.0
1837,1,0.0,232.06666666666666,232.06666666666666,816.0
1838,2,0.0,232.06666666666666,232.06666666666666,816.0
1839,3,0.0,232.06666666666666,232.06666666666666,816.0
1840,4,0.0,232.06666666666666,232.06666666666666,816.0
1841,5,0.0,232.06666666666666,232.06666666666666,816.0
1842,6,0.0,232.06666666666666,232.06666666666666,816.0
1843,7,0.0,232.06666666666666,232.06666666666666,816.0
1844,8,0.0,232.06666666666666,232.06666666666666,816.0
1845,0,0.0,232.2,232.2,820.0
1846,1,0.0,232.2,232.2,820.0
1847,2,0.0,232.2,232.2,820.0
1848,3,0.0,232.2,232.2,820.0
1849,4,0.0,232.2,232.2,820.0
1850,5,0.0,232.2,232.2,820.0
1851,6,0.0,232.2,232.2,820.0
1852,7,0.0,232.2,232.2,820.0
1853,8,0.0,232.2,232.2,820.0
1854,0,0.0,232.33333333333334,232.33333333333334,824.0
1855,1,0.0,232.33333333333334,232.33333333333334,824.0
1856,2,0.0,232.33333333333334,232.33333333333334,824.0
1857,3,0.0,232.33333333333334,232.33333333333334,824.0
1858,4,0.0,232.33333333333334,232.33333333333334,824.0
1859,5,0.0,232.33333333333334,232.33333333333334,824.0
1860,6,0.0,232.33333333333334,232.33333333333334,824.0
1861,7,0.0,232.33333333333334,232.33333333333334,824.0
1862,8,0.0,232.33333333333334,232.33333333333334,824.0
1863,0,0.0,232.46666666666667,232.46666666666667,828.0
1864,1,0.0,232.46666666666667,232.46666666666667,828.0
1865,2,0.0,232.46666666666667,232.46666666666667,828.0
1866,3,0.0,232.46666666666667,232.46666666666667,828.0
1867,4,0.0,232.46666666666667,232.46666666666667,828.0
1868,5,0.0,232.46666666666667,232.46666666666667,828.0
1869,6,0.0,232.46666666666667,232.46666666666667,828.0
1870,7,0.0,232.46666666666667,232.46666666666667,828.0
1871,8,0.0,232.46666666666667,232.46666666666667,828.0
1872,0,0.0,232.6,232.6,832.0
1873,1,0.0,232.6,232.6,832.0
1874,2,0.0,232.6,232.6,832.0
1875,3,0.0,232.6,232.6,832.0
1876,4,0.0,232.6,232.6,832.0
1877,5,0.0,232.6,232.6,832.0
1878,6,0.0,232.6,232.6,832.0
1879,7,0.0,232.6,232.6,832.0
1880,8,0.0,232.6,232.6,832.0
1881,0,0.0,232.73333333333332,232.73333333333332,836.0
1882,1,0.0,232.73333333333332,232.73333333333332,836.0
1883,2,0.0,232.73333333333332,232.73333333333332,836.0
1884,3,0.0,232.73333333333332,232.73333333333332,836.0
1885,4,0.0,232.73333333333332,232.73333333333332,836.0
1886,5,0.0,232.73333333333332,232.73333333333332,836.0
1887,6,0.0,232.73333333333332,232.73333333333332,836.0
1888,7,0.0,232.73333333333332,232.73333333333332,836.0
1889,8,0.0,232.73333333333332,232.73333333333332,836.0
1890,0,0.0,232.86666666666667,232.86666666666667,840.0
1891,1,0.0,232.86666666666667,232.86666666666667,840.0
1892,2,0.0,232.86666666666667,232.86666666666667,840.0
1893,3,0.0,232.86666666666667,232.86666666666667,840.0
1894,4,0.0,232.86666666666667,232.86666666666667,840.0
1895,5,0.0,232.86666666666667,232.86666666666667,840.0
1896,6,0.0,232.86666666666667,232.86666666666667,840.0
1897,7,0.0,232.86666666666667,232.86666666666667,840.0
1898,8,0.0,232.86666666666667,232.86666666666667,840.0
1899,0,0.0,233.0,233.0,844.0
1900,1,0.0,233.0,233.0,844.0
1901,2,0.0,233.0,233.0,844.0
1902,3,0.0,233.0,233.0,844.0
1903,4,0.0,233.0,233.0,844.0
1904,5,0.0,233.0,233.0,844.0
1905,6,0.0,233.0,233.0,844.0
1906,7,0.0,233.0,233.0,844.0
1907,8,0.0,233.0,233.0,844.0
1908,0,0.0,233.13333333333333,233.13333333333333,848.0
1909,1,0.0,233.13333333333333,233.13333333333333,848.0
1910,2,0.0,233.13333333333333,233.13333333333333,848.0
1911,3,0.0,233.13333333333333,233.13333333333333,848.0
1912,4,0.0,233.13333333333333,233.13333333333333,848.0
1913,5,0.0,233.13333333333333,233.13333333333333,848.0
1914,6,0.0,233.13333333333333,233.13333333333333,848.0
1915,7,0.0,233.13333333333333,233.13333333333333,848.0
1916,8,0.0,233.13333333333333,233.13333333333333,848.0
1917,0,0.0,233.26666666666665,233.26666666666665,852.0
1918,1,0.0,233.26666666666665,233.26666666666665,852.0
1919,2,0.0,233.26666666666665,233.26666666666665,852.0
1920,3,0.0,233.26666666666665,233.26666666666665,852.0
1921,4,0.0,233.26666666666665,233.26666666666665,852.0
1922,5,0.0,233.26666666666665,233.26666666666665,852.0
1923,6,0.0,233.26666666666665,233.26666666666665,852.0
1924,7,0.0,233.26666666666665,233.26666666666665,852.0
1925,8,0.0,233.26666666666665,233.26666666666665,852.0
1926,0,0.0,233.4,233.4,856.0
1927,1,0.0,233.4,233.4,856.0
1928,2,0.0,233.4,233.4,856.0
1929,3,0.0,233.4,233.4,856.0
1930,4,0.0,233.4,233.4,856.0
1931,5,0.0,233.4,233.4,856.0
1932,6,0.0,233.4,233.4,856.0
1933,7,0.0,233.4,233.4,856.0
1934,8,0.0,233.4,233.4,856.0
1935,0,0.0,233.53333333333333,233.53333333333333,860.0
1936,1,0.0,233.53333333333333,233.53333333333333,860.0
1937,2,0.0,233.53333333333333,233.53333333333333,860.0
1938,3,0.0,233.53333333333333,233.53333333333333,860.0
1939,4,0.0,233.53333333333333,233.53333333333333,860.0
1940,5,0.0,233.53333333333333,233.53333333333333,860.0
1941,6,0.0,233.53333333333333,233.53333333333333,860.0
1942,7,0.0,233.53333333333333,233.53333333333333,860.0
1943,8,0.0,233.53333333333333,233.53333333333333,860.0
1944,0,0.0,233.66666666666666,233.66666666666666,864.0
1945,1,0.0,233.66666666666666,233.66666666666666,864.0
1946,2,0.0,233.66666666666666,233.66666666666666,864.0
1947,3,0.0,233.66666666666666,233.66666666666666,864.0
1948,4,0.0,233.66666666666666,233.66666666666666,864.0
1949,5,0.0,233.66666666666666,233.66666666666666,864.0
1950,6,0.0,233.66666666666666,233.66666666666666,864.0
1951,7,0.0,233.66666666666666,233.66666666666666,864.0
1952,8,0.0,233.66666666666666,233.66666666666666,864.0
1953,0,0.0,233.8,233.8,868.0
1954,1,0.0,233.8,233.8,868.0
1955,2,0.0,233.8,233.8,868.0
1956,3,0.0,233.8,233.8,868.0
1957,4,0.0,233.8,233.8,868.0
1958,5,0.0,233.8,233.8,868.0
1959,6,0.0,233.8,233.8,868.0
1960,7,0.0,233.8,233.8,868.0
1961,8,0.0,233.8,233.8,868.0
1962,0,0.0,233.93333333333334,233.93333333333334,872.0
1963,1,0.0,233.93333333333334,233.93333333333334,872.0
1964,2,0.0,233.93333333333334,233.93333333333334,872.0
1965,3,0.0,233.93333333333334,233.93333333333334,872.0
1966,4,0.0,233.93333333333334,233.93333333333334,872.0
1967,5,0.0,233.93333333333334,233.93333333333334,872.0
1968,6,0.0,233.93333333333334,233.93333333333334,872.0
1969,7,0.0,233.93333333333334,233.93333333333334,872.0
1970,8,0.0,233.93333333333334,233.93333333333334,872.0
1971,0,0.0,234.06666666666666,234.06666666666666,876.0
1972,1,0.0,234.06666666666666,234.06666666666666,876.0
1973,2,0.0,234.06666666666666,234.06666666666666,876.0
1974,3,0.0,234.06666666666666,234.06666666666666,876.0
1975,4,0.0,234.06666666666666,234.06666666666666,876.0
1976,5,0.0,234.06666666666666,234.06666666666666,876.0
1977,6,0.0,234.06666666666666,234.06666666666666,876.0
1978,7,0.0,234.06666666666666,234.06666666666666,876.0
1979,8,0.0,234.06666666666666,234.06666666666666,876.0
1980,0,0.0,234.2,234.2,880.0
1981,1,0.0,234.2,234.2,880.0
1982,2,0.0,234.2,234.2,880.0
1983,3,0.0,234.2,234.2,880.0
1984,4,0.0,234.2,234.2,880.0
1985,5,0.0,234.2,234.2,880.0
1986,6,0.0,234.2,234.2,880.0
1987,7,0.0,234.2,234.2,880.0
1988,8,0.0,234.2,234.2,880.0
1989,0,0.0,234.33333333333334,234.33333333333334,884.0
1990,1,0.0,234.33333333333334,234.33333333333334,884.0
1991,2,0.0,234.33333333333334,234.33333333333334,884.0
1992,3,0.0,234.33333333333334,234.33333333333334,884.0
1993,4,0.0,234.33333333333334,234.33333333333334,884.0
1994,5,0.0,234.33333333333334,234.33333333333334,884.0
1995,6,0.0,234.33333333333334,234.33333333333334,884.0
1996,7,0.0,234.33333333333334,234.33333333333334,884.0
1997,8,0.0,234.33333333333334,234.33333333333334,884.0
1998,0,0.0,234.46666666666667,234.46666666666667,888.0
1999,1,0.0,234.46666666666667,234.46666666666667,888.0
2000,2,0.0,234.46666666666667,234.46666666666667,888.0
2001,3,0.0,234.46666666666667,234.46666666666667,888.0
2002,4,0.0,234.46666666666667,234.46666666666667,888.0
2003,5,0.0,234.46666666666667,234.46666666666667,888.0
2004,6,0.0,234.46666666666667,234.46666666666667,888.0
2005,7,0.0,234.46666666666667,234.46666666666667,888.0
2006,8,0.0,234.46666666666667,234.46666666666667,888.0
2007,0,0.0,234.6,234.6,892.0
2008,1,0.0,234.6,234.6,892.0
2009,2,0.0,234.6,234.6,892.0
2010,3,0.0,234.6,234.6,892.0
2011,4,0.0,234.6,234.6,892.0
2012,5,0.0,234.6,234.6,892.0
2013,6,0.0,234.6,234.6,892.0
2014,7,0.0,234.6,234.6,892.0
2015,8,0.0,234.6,234.6,892.0
2016,0,0.0,234.73333333333332,234.73333333333332,896.0
2017,1,0.0,234.73333333333332,234.73333333333332,896.0
2018,2,0.0,234.73333333333332,234.73333333333332,896.0
2019,3,0.0,234.73333333333332,234.73333333333332,896.0
2020,4,0.0,234.73333333333332,234.73333333333332,896.0
2021,5,0.0,234.73333333333332,234.73333333333332,896.0
2022,6,0.0,234.73333333333332,234.73333333333332,896.0
2023,7,0.0,234.73333333333332,234.73333333333332,896.0
2024,8,0.0,234.73333333333332,234.73333333333332,896.0
2025,0,0.0,234.86666666666667,234.86666666666667,900.0
2026,1,0.0,234.86666666666667,234.86666666666667,900.0
2027,2,0.0,234.86666666666667,234.86666666666667,900.0
2028,3,0.0,234.86666666666667,234.86666666666667,900.0
2029,4,0.0,234.86666666666667,234.86666666666667,900.0
2030,5,0.0,234.86666666666667,234.86666666666667,900.0
2031,6,0.0,234.86666666666667,234.86666666666667,900.0
2032,7,0.0,234.86666666666667,234.86666666666667,900.0
2033,8,0.0,234.86666666666667,234.86666666666667,900.0
2034,0,0.0,235.0,235.0,904.0
2035,1,0.0,235.0,235.0,904.0
2036,2,0.0,235.0,235.0,904.0
2037,3,0.0,235.0,235.0,904.0
2038,4,0.0,235.0,235.0,904.0
2039,5,0.0,235.0,235.0,904.0
2040,6,0.0,235.0,235.0,904.0
2041,7,0.0,235.0,235.0,904.0
2042,8,0.0,235.0,235.0,904.0
2043,0,0.0,235.0,235.0,908.0
2044,1,0.0,235.0,235.0,908.0
2045,2,0.0,235.0,235.0,908.0
2046,3,0.0,235.0,235.0,908.0
2047,4,0.0,235.0,235.0,908.0
2048,5,0.0,235.0,235.0,908.0
2049,6,0.0,235.0,235.0,908.0
2050,7,0.0,235.0,235.0,908.0
2051,8,0.0,235.0,235.0,908.0
2052,0,0.0,235.0,235.0,912.0
2053,1,0.0,235.0,235.0,912.0
2054,2,0.0,235.0,235.0,912.0
2055,3,0.0,235.0,235.0,912.0
2056,4,0.0,235.0,235.0,912.0
2057,5,0.0,235.0,235.0,912.0
2058,6,0.0,235.0,235.0,912.0
2059,7,0.0,235.0,235.0,912.0
2060,8,0.0,235.0,235.0,912.0
2061,0,0.0,235.0,235.0,916.0
2062,1,0.0,235.0,235.0,916.0
2063,2,0.0,235.0,235.0,916.0
2064,3,0.0,235.0,235.0,916.0
2065,4,0.0,235.0,235.0,916.0
2066,5,0.0,235.0,235.0,916.0
2067,6,0.0,235.0,235.0,916.0
2068,7,0.0,235.0,235.0,916.0
2069,8,0.0,235.0,235.0,916.0
2070,0,0.0,235.0,235.0,920.0
2071,1,0.0,235.0,235.0,920.0
2072,2,0.0,235.0,235.0,920.0
2073,3,0.0,235.0,235.0,920.0
2074,4,0.0,235.0,235.0,920.0
2075,5,0.0,235.0,235.0,920.0
2076,6,0.0,235.0,235.0,920.0
2077,7,0.0,235.0,235.0,920.0
2078,8,0.0,235.0,235.0,920.0
2079,0,0.0,235.0,235.0,924.0
2080,1,0.0,235.0,235.0,924.0
2081,2,0.0,235.0,235.0,924.0
2082,3,0.0,235.0,235.0,924.0
2083,4,0.0,235.0,235.0,924.0
2084,5,0.0,235.0,235.0,924.0
2085,6,0.0,235.0,235.0,924.0
2086,7,0.0,235.0,235.0,924.0
2087,8,0.0,235.0,235.0,924.0
2088,0,0.0,235.0,235.0,928.0
2089,1,0.0,235.0,235.0,928.0
2090,2,0.0,235.0,235.0,928.0
2091,3,0.0,235.0,235.0,928.0
2092,4,0.0,235.0,235.0,928.0
2093,5,0.0,235.0,235.0,928.0
2094,6,0.0,235.0,235.0,928.0
2095,7,0.0,235.0,235.0,928.0
2096,8,0.0,235.0,235.0,928.0
2097,0,0.0,235.0,235.0,932.0
2098,1,0.0,235.0,235.0,932.0
2099,2,0.0,235.0,235.0,932.0
2100,3,0.0,235.0,235.0,932.0
2101,4,0.0,235.0,235.0,932.0
2102,5,0.0,235.0,235.0,932.0
2103,6,0.0,235.0,235.0,932.0
2104,7,0.0,235.0,235.0,932.0
2105,8,0.0,235.0,235.0,932.0
2106,0,0.0,235.0,235.0,936.0
2107,1,0.0,235.0,235.0,936.0
2108,2,0.0,235.0,235.0,936.0
2109,3,0.0,235.0,235.0,936.0
2110,4,0.0,235.0,235.0,936.0
2111,5,0.0,235.0,235.0,936.0
2112,6,0.0,235.0,235.0,936.0
2113,7,0.0,235.0,235.0,936.0
2114,8,0.0,235.0,235.0,936.0
2115,0,0.0,235.0,235.0,940.0
2116,1,0.0,235.0,235.0,940.0
2117,2,0.0,235.0,235.0,940.0
2118,3,0.0,235.0,235.0,940.0
2119,4,0.0,235.0,235.0,940.0
2120,5,0.0,235.0,235.0,940.0
2121,6,0.0,235.0,235.0,940.0
2122,7,0.0,235.0,235.0,940.0
2123,8,0.0,235.0,235.0,940.0
2124,0,0.0,235.0,235.0,944.0
2125,1,0.0,235.0,235.0,944.0
2126,2,0.0,235.0,235.0,944.0
2127,3,0.0,235.0,235.0,944.0
2128,4,0.0,235.0,235.0,944.0
2129,5,0.0,235.0,235.0,944.0
2130,6,0.0,235.0,235.0,944.0
2131,7,0.0,235.0,235.0,944.0
2132,8,0.0,235.0,235.0,944.0
2133,0,0.0,235.0,235.0,948.0
2134,1,0.0,235.0,235.0,948.0
2135,2,0.0,235.0,235.0,948.0
2136,3,0.0,235.0,235.0,948.0
2137,4,0.0,235.0,235.0,948.0
2138,5,0.0,235.0,235.0,948.0
2139,6,0.0,235.0,235.0,948.0
2140,7,0.0,235.0,235.0,948.0
2141,8,0.0,235.0,235.0,948.0
2142,0,0.0,235.0,235.0,952.0
2143,1,0.0,235.0,235.0,952.0
2144,2,0.0,235.0,235.0,952.0
2145,3,0.0,235.0,235.0,952.0
2146,4,0.0,235.0,235.0,952.0
2147,5,0.0,235.0,235.0,952.0
2148,6,0.0,235.0,235.0,952.0
2149,7,0.0,235.0,235.0,952.0
2150,8,0.0,235.0,235.0,952.0
2151,0,0.0,235.0,235.0,956.0
2152,1,0.0,235.0,235.0,956.0
2153,2,0.0,235.0,235.0,956.0
2154,3,0.0,235.0,235.0,956.0
2155,4,0.0,235.0,235.0,956.0
2156,5,0.0,235.0,235.0,956.0
2157,6,0.0,235.0,235.0,956.0
2158,7,0.0,235.0,235.0,956.0
2159,8,0.0,235.0,235.0,956.0
2160,0,0.0,235.0,235.0,960.0
2161,1,0.0,235.0,235.0,960.0
2162,2,0.0,235.0,235.0,960.0
2163,3,0.0,235.0,235.0,960.0
2164,4,0.0,235.0,235.0,960.0
2165,5,0.0,235.0,235.0,960.0
2166,6,0.0,235.0,235.0,960.0
2167,7,0.0,235.0,235.0,960.0
2168,8,0.0,235.0,235.0,960.0
2169,0,0.0,235.0,235.0,964.0
2170,1,0.0,235.0,235.0,964.0
2171,2,0.0,235.0,235.0,964.0
2172,3,0.0,235.0,235.0,964.0
2173,4,0.0,235.0,235.0,964.0
2174,5,0.0,235.0,235.0,964.0
2175,6,0.0,235.0,235.0,964.0
2176,7,0.0,235.0,235.0,964.0
2177,8,0.0,235.0,235.0,964.0
2178,0,0.0,235.0,235.0,968.0
2179,1,0.0,235.0,235.0,968.0
2180,2,0.0,235.0,235.0,968.0
2181,3,0.0,235.0,235.0,968.0
2182,4,0.0,235.0,235.0,968.0
2183,5,0.0,235.0,235.0,968.0
2184,6,0.0,235.0,235.0,968.0
2185,7,0.0,235.0,235.0,968.0
2186,8,0.0,235.0,235.0,968.0
2187,0,0.0,235.0,235.0,972.0
2188,1,0.0,235.0,235.0,972.0
2189,2,0.0,235.0,235.0,972.0
2190,3,0.0,235.0,235.0,972.0
2191,4,0.0,235.0,235.0,972.0
2192,5,0.0,235.0,235.0,972.0
2193,6,0.0,235.0,235.0,972.0
2194,7,0.0,235.0,235.0,972.0
2195,8,0.0,235.0,235.0,972.0
2196,0,0.0,235.0,235.0,976.0
2197,1,0.0,235.0,235.0,976.0
2198,2,0.0,235.0,235.0,976.0
2199,3,0.0,235.0,235.0,976.0
2200,4,0.0,235.0,235.0,976.0
2201,5,0.0,235.0,235.0,976.0
2202,6,0.0,235.0,235.0,976.0
2203,7,0.0,235.0,235.0,976.0
2204,8,0.0,235.0,235.0,976.0
2205,0,0.0,235.0,235.0,980.0
2206,1,0.0,235.0,235.0,980.0
2207,2,0.0,235.0,235.0,980.0
2208,3,0.0,235.0,235.0,980.0
2209,4,0.0,235.0,235.0,980.0
2210,5,0.0,235.0,235.0,980.0
2211,6,0.0,235.0,235.0,980.0
2212,7,0.0,235.0,235.0,980.0
2213,8,0.0,235.0,235.0,980.0
2214,0,0.0,235.0,235.0,984.0
2215,1,0.0,235.0,235.0,984.0
2216,2,0.0,235.0,235.0,984.0
2217,3,0.0,235.0,235.0,984.0
2218,4,0.0,235.0,235.0,984.0
2219,5,0.0,235.0,235.0,984.0
2220,6,0.0,235.0,235.0,984.0
2221,7,0.0,235.0,235.0,984.0
2222,8,0.0,235.0,235.0,984.0
2223,0,0.0,235.0,235.0,988.0
2224,1,0.0,235.0,235.0,988.0
2225,2,0.0,235.0,235.0,988.0
2226,3,0.0,235.0,235.0,988.0
2227,4,0.0,235.0,235.0,988.0
2228,5,0.0,235.0,235.0,988.0
2229,6,0.0,235.0,235.0,988.0
2230,7,0.0,235.0,235.0,988.0
2231,8,0.0,235.0,235.0,988.0
2232,0,0.0,235.0,235.0,992.0
2233,1,0.0,235.0,235.0,992.0
2234,2,0.0,235.0,235.0,992.0
2235,3,0.0,235.0,235.0,992.0
2236,4,0.0,235.0,235.0,992.0
2237,5,0.0,235.0,235.0,992.0
2238,6,0.0,235.0,235.0,992.0
2239,7,0.0,235.0,235.0,992.0
2240,8,0.0,235.0,235.0,992.0
2241,0,0.0,235.0,235.0,996.0
2242,1,0.0,235.0,235.0,996.0
2243,2,0.0,235.0,235.0,996.0
2244,3,0.0,235.0,235.0,996.0
2245,4,0.0,235.0,235.0,996.0
2246,5,0.0,235.0,235.0,996.0
2247,6,0.0,235.0,235.0,996.0
2248,7,0.0,235.0,235.0,996.0
2249,8,0.0,235.0,235.0,996.0
2250,0,0.0,235.0,235.0,1000.0
2251,1,0.0,235.0,235.0,1000.0
2252,2,0.0,235.0,235.0,1000.0
2253,3,0.0,235.0,235.0,1000.0
2254,4,0.0,235.0,235.0,1000.0
2255,5,0.0,235.0,235.0,1000.0
2256,6,0.0,235.0,235.0,1000.0
2257,7,0.0,235.0,235.0,1000.0
2258,8,0.0,235.0,235.0,1000.0
2259,0,0.0,235.0,235.0,1004.0
2260,1,0.0,235.0,235.0,1004.0
2261,2,0.0,235.0,235.0,1004.0
2262,3,0.0,235.0,235.0,1004.0
2263,4,0.0,235.0,235.0,1004.0
2264,5,0.0,235.0,235.0,1004.0
2265,6,0.0,235.0,235.0,1004.0
2266,7,0.0,235.0,235.0,1004.0
2267,8,0.0,235.0,235.0,1004.0
2268,0,0.0,235.0,235.0,1008.0
2269,1,0.0,235.0,235.0,1008.0
2270,2,0.0,235.0,235.0,1008.0
2271,3,0.0,235.0,235.0,1008.0
2272,4,0.0,235.0,235.0,1008.0
2273,5,0.0,235.0,235.0,1008.0
2274,6,0.0,235.0,235.0,1008.0
2275,7,0.0,235.0,235.0,1008.0
2276,8,0.0,235.0,235.0,1008.0
2277,0,0.0,235.0,235.0,1012.0
2278,1,0.0,235.0,235.0,1012.0
2279,2,0.0,235.0,235.0,1012.0
2280,3,0.0,235.0,235.0,1012.0
2281,4,0.0,235.0,235.0,1012.0
2282,5,0.0,235.0,235.0,1012.0
2283,6,0.0,235.0,235.0,1012.0
2284,7,0.0,235.0,235.0,1012.0
2285,8,0.0,235.0,235.0,1012.0
2286,0,0.0,235.0,235.0,1016.0
2287,1,0.0,235.0,235.0,1016.0
2288,2,0.0,235.0,235.0,1016.0
2289,3,0.0,235.0,235.0,1016.0
2290,4,0.0,235.0,235.0,1016.0
2291,5,0.0,235.0,235.0,1016.0
2292,6,0.0,235.0,235.0,1016.0
2293,7,0.0,235.0,235.0,1016.0
2294,8,0.0,235.0,235.0,1016.0
2295,0,0.0,235.0,235.0,1020.0
2296,1,0.0,235.0,235.0,1020.0
2297,2,0.0,235.0,235.0,1020.0
2298,3,0.0,235.0,235.0,1020.0
2299,4,0.0,235.0,235.0,1020.0
2300,5,0.0,235.0,235.0,1020.0
2301,6,0.0,235.0,235.0,1020.0
2302,7,0.0,235.0,235.0,1020.0
2303,8,0.0,235.0,235.0,1020.0
2304,0,0.0,235.0,235.0,1024.0
2305,1,0.0,235.0,235.0,1024.0
2306,2,0.0,235.0,235.0,1024.0
2307,3,0.0,235.0,235.0,1024.0
2308,4,0.0,235.0,235.0,1024.0
2309,5,0.0,235.0,235.0,1024.0
2310,6,0.0,235.0,235.0,1024.0
2311,7,0.0,235.0,235.0,1024.0
2312,8,0.0,235.0,235.0,1024.0
2313,0,0.0,235.0,235.0,1028.0
2314,1,0.0,235.0,235.0,1028.0
2315,2,0.0,235.0,235.0,1028.0
2316,3,0.0,235.0,235.0,1028.0
2317,4,0.0,235.0,235.0,1028.0
2318,5,0.0,235.0,235.0,1028.0
2319,6,0.0,235.0,235.0,1028.0
2320,7,0.0,235.0,235.0,1028.0
2321,8,0.0,235.0,235.0,1028.0
2322,0,0.0,235.0,235.0,1032.0
2323,1,0.0,235.0,235.0,1032.0
2324,2,0.0,235.0,235.0,1032.0
2325,3,0.0,235.0,235.0,1032.0
2326,4,0.0,235.0,235.0,1032.0
2327,5,0.0,235.0,235.0,1032.0
2328,6,0.0,235.0,235.0,1032.0
2329,7,0.0,235.0,235.0,1032.0
2330,8,0.0,235.0,235.0,1032.0
2331,0,0.0,235.0,235.0,1036.0
2332,1,0.0,235.0,235.0,1036.0
2333,2,0.0,235.0,235.0,1036.0
2334,3,0.0,235.0,235.0,1036.0
2335,4,0.0,235.0,235.0,1036.0
2336,5,0.0,235.0,235.0,1036.0
2337,6,0.0,235.0,235.0,1036.0
2338,7,0.0,235.0,235.0,1036.0
2339,8,0.0,235.0,235.0,1036.0
2340,0,0.0,235.0,235.0,1040.0
2341,1,0.0,235.0,235.0,1040.0
2342,2,0.0,235.0,235.0,1040.0
2343,3,0.0,235.0,235.0,1040.0
2344,4,0.0,235.0,235.0,1040.0
2345,5,0.0,235.0,235.0,1040.0
2346,6,0.0,235.0,235.0,1040.0
2347,7,0.0,235.0,235.0,1040.0
2348,8,0.0,235.0,235.0,1040.0
2349,0,0.0,235.0,235.0,1044.0
2350,1,0.0,235.0,235.0,1044.0
2351,2,0.0,235.0,235.0,1044.0
2352,3,0.0,235.0,235.0,1044.0
2353,4,0.0,235.0,235.0,1044.0
2354,5,0.0,235.0,235.0,1044.0
2355,6,0.0,235.0,235.0,1044.0
2356,7,0.0,235.0,235.0,1044.0
2357,8,0.0,235.0,235.0,1044.0
2358,0,0.0,235.0,235.0,1048.0
2359,1,0.0,235.0,235.0,1048.0
2360,2,0.0,235.0,235.0,1048.0
2361,3,0.0,235.0,235.0,1048.0
2362,4,0.0,235.0,235.0,1048.0
2363,5,0.0,235.0,235.0,1048.0
2364,6,0.0,235.0,235.0,1048.0
2365,7,0.0,235.0,235.0,1048.0
2366,8,0.0,235.0,235.0,1048.0
2367,0,0.0,235.0,235.0,1052.0
2368,1,0.0,235.0,235.0,1052.0
2369,2,0.0,235.0,235.0,1052.0
2370,3,0.0,235.0,235.0,1052.0
2371,4,0.0,235.0,235.0,1052.0
2372,5,0.0,235.0,235.0,1052.0
2373,6,0.0,235.0,235.0,1052.0
2374,7,0.0,235.0,235.0,1052.0
2375,8,0.0,235.0,235.0,1052.0
2376,0,0.0,235.0,235.0,1056.0
2377,1,0.0,235.0,235.0,1056.0
2378,2,0.0,235.0,235.0,1056.0
2379,3,0.0,235.0,235.0,1056.0
2380,4,0.0,235.0,235.0,1056.0
2381,5,0.0,235.0,235.0,1056.0
2382,6,0.0,235.0,235.0,1056.0
2383,7,0.0,235.0,235.0,1056.0
2384,8,0.0,235.0,235.0,1056.0
2385,0,0.0,235.0,235.0,1060.0
2386,1,0.0,235.0,235.0,1060.0
2387,2,0.0,235.0,235.0,1060.0
2388,3,0.0,235.0,235.0,1060.0
2389,4,0.0,235.0,235.0,1060.0
2390,5,0.0,235.0,235.0,1060.0
2391,6,0.0,235.0,235.0,1060.0
2392,7,0.0,235.0,235.0,1060.0
2393,8,0.0,235.0,235.0,1060.0
2394,0,0.0,235.0,235.0,1064.0
2395,1,0.0,235.0,235.0,1064.0
2396,2,0.0,235.0,235.0,1064.0
2397,3,0.0,235.0,235.0,1064.0
2398,4,0.0,235.0,235.0,1064.0
2399,5,0.0,235.0,235.0,1064.0
2400,6,0.0,235.0,235.0,1064.0
2401,7,0.0,235.0,235.0,1064.0
2402,8,0.0,235.0,235.0,1064.0
2403,0,0.0,235.0,235.0,1068.0
2404,1,0.0,235.0,235.0,1068.0
2405,2,0.0,235.0,235.0,1068.0
2406,3,0.0,235.0,235.0,1068.0
2407,4,0.0,235.0,235.0,1068.0
2408,5,0.0,235.0,235.0,1068.0
2409,6,0.0,235.0,235.0,1068.0
2410,7,0.0,235.0,235.0,1068.0
2411,8,0.0,235.0,235.0,1068.0
2412,0,0.0,235.0,235.0,1072.0
2413,1,0.0,235.0,235.0,1072.0
2414,2,0.0,235.0,235.0,1072.0
2415,3,0.0,235.0,235.0,1072.0
2416,4,0.0,235.0,235.0,1072.0
2417,5,0.0,235.0,235.0,1072.0
2418,6,0.0,235.0,235.0,1072.0
2419,7,0.0,235.0,235.0,1072.0
2420,8,0.0,235.0,235.0,1072.0
2421,0,0.0,235.0,235.0,1076.0
2422,1,0.0,235.0,235.0,1076.0
2423,2,0.0,235.0,235.0,1076.0
2424,3,0.0,235.0,235.0,1076.0
2425,4,0.0,235.0,235.0,1076.0
2426,5,0.0,235.0,235.0,1076.0
2427,6,0.0,235.0,235.0,1076.0
2428,7,0.0,235.0,235.0,1076.0
2429,8,0.0,235.0,235.0,1076.0
2430,0,0.0,235.0,235.0,1080.0
2431,1,0.0,235.0,235.0,1080.0
2432,2,0.0,235.0,235.0,1080.0
2433,3,0.0,235.0,235.0,1080.0
2434,4,0.0,235.0,235.0,1080.0
2435,5,0.0,235.0,235.0,1080.0
2436,6,0.0,235.0,235.0,1080.0
2437,7,0.0,235.0,235.0,1080.0
2438,8,0.0,235.0,235.0,1080.0
2439,0,0.0,235.0,235.0,1084.0
2440,1,0.0,235.0,235.0,1084.0
2441,2,0.0,235.0,235.0,1084.0
2442,3,0.0,235.0,235.0,1084.0
2443,4,0.0,235.0,235.0,1084.0
2444,5,0.0,235.0,235.0,1084.0
2445,6,0.0,235.0,235.0,1084.0
2446,7,0.0,235.0,235.0,1084.0
2447,8,0.0,235.0,235.0,1084.0
2448,0,0.0,235.0,235.0,1088.0
2449,1,0.0,235.0,235.0,1088.0
2450,2,0.0,235.0,235.0,1088.0
2451,3,0.0,235.0,235.0,1088.0
2452,4,0.0,235.0,235.0,1088.0
2453,5,0.0,235.0,235.0,1088.0
2454,6,0.0,235.0,235.0,1088.0
2455,7,0.0,235.0,235.0,1088.0
2456,8,0.0,235.0,235.0,1088.0
2457,0,0.0,235.0,235.0,1092.0
2458,1,0.0,235.0,235.0,1092.0
2459,2,0.0,235.0,235.0,1092.0
2460,3,0.0,235.0,235.0,1092.0
2461,4,0.0,235.0,235.0,1092.0
2462,5,0.0,235.0,235.0,1092.0
2463,6,0.0,235.0,235.0,1092.0
2464,7,0.0,235.0,235.0,1092.0
2465,8,0.0,235.0,235.0,1092.0
2466,0,0.0,235.0,235.0,1096.0
2467,1,0.0,235.0,235.0,1096.0
2468,2,0.0,235.0,235.0,1096.0
2469,3,0.0,235.0,235.0,1096.0
2470,4,0.0,235.0,235.0,1096.0
2471,5,0.0,235.0,235.0,1096.0
2472,6,0.0,235.0,235.0,1096.0
2473,7,0.0,235.0,235.0,1096.0
2474,8,0.0,235.0,235.0,1096.0
2475,0,0.0,235.0,235.0,1100.0
2476,1,0.0,235.0,235.0,1100.0
2477,2,0.0,235.0,235.0,1100.0
2478,3,0.0,235.0,235.0,1100.0
2479,4,0.0,235.0,235.0,1100.0
2480,5,0.0,235.0,235.0,1100.0
2481,6,0.0,235.0,235.0,1100.0
2482,7,0.0,235.0,235.0,1100.0
2483,8,0.0,235.0,235.0,1100.0
2484,0,0.0,235.0,235.0,1104.0
2485,1,0.0,235.0,235.0,1104.0
2486,2,0.0,235.0,235.0,1104.0
2487,3,0.0,235.0,235.0,1104.0
2488,4,0.0,235.0,235.0,1104.0
2489,5,0.0,235.0,235.0,1104.0
2490,6,0.0,235.0,235.0,1104.0
2491,7,0.0,235.0,235.0,1104.0
2492,8,0.0,235.0,235.0,1104.0
2493,0,0.0,235.0,235.0,1108.0
2494,1,0.0,235.0,235.0,1108.0
2495,2,0.0,235.0,235.0,1108.0
2496,3,0.0,235.0,235.0,1108.0
2497,4,0.0,235.0,235.0,1108.0
2498,5,0.0,235.0,235.0,1108.0
2499,6,0.0,235.0,235.0,1108.0
2500,7,0.0,235.0,235.0,1108.0
2501,8,0.0,235.0,235.0,1108.0
2502,0,0.0,235.0,235.0,1112.0
2503,1,0.0,235.0,235.0,1112.0
2504,2,0.0,235.0,235.0,1112.0
2505,3,0.0,235.0,235.0,1112.0
2506,4,0.0,235.0,235.0,1112.0
2507,5,0.0,235.0,235.0,1112.0
2508,6,0.0,235.0,235.0,1112.0
2509,7,0.0,235.0,235.0,1112.0
2510,8,0.0,235.0,235.0,1112.0
2511,0,0.0,235.0,235.0,1116.0
2512,1,0.0,235.0,235.0,1116.0
2513,2,0.0,235.0,235.0,1116.0
2514,3,0.0,235.0,235.0,1116.0
2515,4,0.0,235.0,235.0,1116.0
2516,5,0.0,235.0,235.0,1116.0
2517,6,0.0,235.0,235.0,1116.0
2518,7,0.0,235.0,235.0,1116.0
2519,8,0.0,235.0,235.0,1116.0
2520,0,0.0,235.0,235.0,1120.0
2521,1,0.0,235.0,235.0,1120.0
2522,2,0.0,235.0,235.0,1120.0
2523,3,0.0,235.0,235.0,1120.0
2524,4,0.0,235.0,235.0,1120.0
2525,5,0.0,235.0,235.0,1120.0
2526,6,0.0,235.0,235.0,1120.0
2527,7,0.0,235.0,235.0,1120.0
2528,8,0.0,235.0,235.0,1120.0
2529,0,0.0,235.0,235.0,1124.0
2530,1,0.0,235.0,235.0,1124.0
2531,2,0.0,235.0,235.0,1124.0
2532,3,0.0,235.0,235.0,1124.0
2533,4,0.0,235.0,235.0,1124.0
2534,5,0.0,235.0,235.0,1124.0
2535,6,0.0,235.0,235.0,1124.0
2536,7,0.0,235.0,235.0,1124.0
2537,8,0.0,235.0,235.0,1124.0
2538,0,0.0,235.0,235.0,1128.0
2539,1,0.0,235.0,235.0,1128.0
2540,2,0.0,235.0,235.0,1128.0
2541,3,0.0,235.0,235.0,1128.0
2542,4,0.0,235.0,235.0,1128.0
2543,5,0.0,235.0,235.0,1128.0
2544,6,0.0,235.0,235.0,1128.0
2545,7,0.0,235.0,235.0,1128.0
2546,8,0.0,235.0,235.0,1128.0
2547,0,0.0,235.0,235.0,1132.0
2548,1,0.0,235.0,235.0,1132.0
2549,2,0.0,235.0,235.0,1132.0
2550,3,0.0,235.0,235.0,1132.0
2551,4,0.0,235.0,235.0,1132.0
2552,5,0.0,235.0,235.0,1132.0
2553,6,0.0,235.0,235.0,1132.0
2554,7,0.0,235.0,235.0,1132.0
2555,8,0.0,235.0,235.0,1132.0
2556,0,0.0,235.0,235.0,1136.0
2557,1,0.0,235.0,235.0,1136.0
2558,2,0.0,235.0,235.0,1136.0
2559,3,0.0,235.0,235.0,1136.0
2560,4,0.0,235.0,235.0,1136.0
2561,5,0.0,235.0,235.0,1136.0
2562,6,0.0,235.0,235.0,1136.0
2563,7,0.0,235.0,235.0,1136.0
2564,8,0.0,235.0,235.0,1136.0
2565,0,0.0,235.0,235.0,1140.0
2566,1,0.0,235.0,235.0,1140.0
2567,2,0.0,235.0,235.0,1140.0
2568,3,0.0,235.0,235.0,1140.0
2569,4,0.0,235.0,235.0,1140.0
2570,5,0.0,235.0,235.0,1140.0
2571,6,0.0,235.0,235.0,1140.0
2572,7,0.0,235.0,235.0,1140.0
2573,8,0.0,235.0,235.0,1140.0
2574,0,0.0,235.0,235.0,1144.0
2575,1,0.0,235.0,235.0,1144.0
2576,2,0.0,235.0,235.0,1144.0
2577,3,0.0,235.0,235.0,1144.0
2578,4,0.0,235.0,235.0,1144.0
2579,5,0.0,235.0,235.0,1144.0
2580,6,0.0,235.0,235.0,1144.0
2581,7,0.0,235.0,235.0,1144.0
2582,8,0.0,235.0,235.0,1144.0
2583,0,0.0,235.0,235.0,1148.0
2584,1,0.0,235.0,235.0,1148.0
2585,2,0.0,235.0,235.0,1148.0
2586,3,0.0,235.0,235.0,1148.0
2587,4,0.0,235.0,235.0,1148.0
2588,5,0.0,235.0,235.0,1148.0
2589,6,0.0,235.0,235.0,1148.0
2590,7,0.0,235.0,235.0,1148.0
2591,8,0.0,235.0,235.0,1148.0
2592,0,0.0,235.0,235.0,1152.0
2593,1,0.0,235.0,235.0,1152.0
2594,2,0.0,235.0,235.0,1152.0
2595,3,0.0,235.0,235.0,1152.0
2596,4,0.0,235.0,235.0,1152.0
2597,5,0.0,235.0,235.0,1152.0
2598,6,0.0,235.0,235.0,1152.0
2599,7,0.0,235.0,235.0,1152.0
2600,8,0.0,235.0,235.0,1152.0
2601,0,0.0,235.0,235.0,1156.0
2602,1,0.0,235.0,235.0,1156.0
2603,2,0.0,235.0,235.0,1156.0
2604,3,0.0,235.0,235.0,1156.0
2605,4,0.0,235.0,235.0,1156.0
2606,5,0.0,235.0,235.0,1156.0
2607,6,0.0,235.0,235.0,1156.0
2608,7,0.0,235.0,235.0,1156.0
2609,8,0.0,235.0,235.0,1156.0
2610,0,0.0,235.0,235.0,1160.0
2611,1,0.0,235.0,235.0,1160.0
2612,2,0.0,235.0,235.0,1160.0
2613,3,0.0,235.0,235.0,1160.0
2614,4,0.0,235.0,235.0,1160.0
2615,5,0.0,235.0,235.0,1160.0
2616,6,0.0,235.0,235.0,1160.0
2617,7,0.0,235.0,235.0,1160.0
2618,8,0.0,235.0,235.0,1160.0
2619,0,0.0,235.0,235.0,1164.0
2620,1,0.0,235.0,235.0,1164.0
2621,2,0.0,235.0,235.0,1164.0
2622,3,0.0,235.0,235.0,1164.0
2623,4,0.0,235.0,235.0,1164.0
2624,5,0.0,235.0,235.0,1164.0
2625,6,0.0,235.0,235.0,1164.0
2626,7,0.0,235.0,235.0,1164.0
2627,8,0.0,235.0,235.0,1164.0
2628,0,0.0,235.0,235.0,1168.0
2629,1,0.0,235.0,235.0,1168.0
2630,2,0.0,235.0,235.0,1168.0
2631,3,0.0,235.0,235.0,1168.0
2632,4,0.0,235.0,235.0,1168.0
2633,5,0.0,235.0,235.0,1168.0
2634,6,0.0,235.0,235.0,1168.0
2635,7,0.0,235.0,235.0,1168.0
2636,8,0.0,235.0,235.0,1168.0
2637,0,0.0,235.0,235.0,1172.0
2638,1,0.0,235.0,235.0,1172.0
2639,2,0.0,235.0,235.0,1172.0
2640,3,0.0,235.0,235.0,1172.0
2641,4,0.0,235.0,235.0,1172.0
2642,5,0.0,235.0,235.0,1172.0
2643,6,0.0,235.0,235.0,1172.0
2644,7,0.0,235.0,235.0,1172.0
2645,8,0.0,235.0,235.0,1172.0
2646,0,0.0,235.0,235.0,1176.0
2647,1,0.0,235.0,235.0,1176.0
2648,2,0.0,235.0,235.0,1176.0
2649,3,0.0,235.0,235.0,1176.0
2650,4,0.0,235.0,235.0,1176.0
2651,5,0.0,235.0,235.0,1176.0
2652,6,0.0,235.0,235.0,1176.0
2653,7,0.0,235.0,235.0,1176.0
2654,8,0.0,235.0,235.0,1176.0
2655,0,0.0,235.0,235.0,1180.0
2656,1,0.0,235.0,235.0,1180.0
2657,2,0.0,235.0,235.0,1180.0
2658,3,0.0,235.0,235.0,1180.0
2659,4,0.0,235.0,235.0,1180.0
2660,5,0.0,235.0,235.0,1180.0
2661,6,0.0,235.0,235.0,1180.0
2662,7,0.0,235.0,235.0,1180.0
2663,8,0.0,235.0,235.0,1180.0
2664,0,0.0,235.0,235.0,1184.0
2665,1,0.0,235.0,235.0,1184.0
2666,2,0.0,235.0,235.0,1184.0
2667,3,0.0,235.0,235.0,1184.0
2668,4,0.0,235.0,235.0,1184.0
2669,5,0.0,235.0,235.0,1184.0
2670,6,0.0,235.0,235.0,1184.0
2671,7,0.0,235.0,235.0,1184.0
2672,8,0.0,235.0,235.0,1184.0
2673,0,0.0,235.0,235.0,1188.0
2674,1,0.0,235.0,235.0,1188.0
2675,2,0.0,235.0,235.0,1188.0
2676,3,0.0,235.0,235.0,1188.0
2677,4,0.0,235.0,235.0,1188.0
2678,5,0.0,235.0,235.0,1188.0
2679,6,0.0,235.0,235.0,1188.0
2680,7,0.0,235.0,235.0,1188.0
2681,8,0.0,235.0,235.0,1188.0
2682,0,0.0,235.0,235.0,1192.0
2683,1,0.0,235.0,235.0,1192.0
2684,2,0.0,235.0,235.0,1192.0
2685,3,0.0,235.0,235.0,1192.0
2686,4,0.0,235.0,235.0,1192.0
2687,5,0.0,235.0,235.0,1192.0
2688,6,0.0,235.0,235.0,1192.0
2689,7,0.0,235.0,235.0,1192.0
2690,8,0.0,235.0,235.0,1192.0
2691,0,0.0,235.0,235.0,1196.0
2692,1,0.0,235.0,235.0,1196.0
2693,2,0.0,235.0,235.0,1196.0
2694,3,0.0,235.0,235.0,1196.0
2695,4,0.0,235.0,235.0,1196.0
2696,5,0.0,235.0,235.0,1196.0
2697,6,0.0,235.0,235.0,1196.0
2698,7,0.0,235.0,235.0,1196.0
2699,8,0.0,235.0,235.0,1196.0
